Classification Name,Classification Code,Series Name,Series Code,Country Name,Country Code,2017 [YR2017],2018 [YR2018],2019 [YR2019],2020 [YR2020],2021 [YR2021]
Food Prices for Nutrition 2.1,FPN 2.1,Cost of a healthy diet,CoHD,Albania,ALB,3.952,4.069,4.262,4.28,4.388
Food Prices for Nutrition 2.1,FPN 2.1,Cost of a healthy diet,CoHD,Algeria,DZA,3.763,3.822,3.796,3.76,4.043
Food Prices for Nutrition 2.1,FPN 2.1,Cost of a healthy diet,CoHD,Angola,AGO,4.327,4.293,4.352,4.585,5.031
Food Prices for Nutrition 2.1,FPN 2.1,Cost of a healthy diet,CoHD,Anguilla,AIA,3.717,..,..,..,..
Food Prices for Nutrition 2.1,FPN 2.1,Cost of a healthy diet,CoHD,Antigua and Barbuda,ATG,4.112,4.302,4.391,4.504,4.684
Food Prices for Nutrition 2.1,FPN 2.1,Cost of a healthy diet,CoHD,Argentina,ARG,3.341,..,..,..,..
Food Prices for Nutrition 2.1,FPN 2.1,Cost of a healthy diet,CoHD,Armenia,ARM,3.096,3.166,3.237,3.247,3.527
Food Prices for Nutrition 2.1,FPN 2.1,Cost of a healthy diet,CoHD,Aruba,ABW,3.418,3.62,3.907,4.007,4.116
Food Prices for Nutrition 2.1,FPN 2.1,Cost of a healthy diet,CoHD,Australia,AUS,2.259,2.283,2.296,2.389,2.437
Food Prices for Nutrition 2.1,FPN 2.1,Cost of a healthy diet,CoHD,Austria,AUT,2.772,2.848,2.915,3.004,3.027
Food Prices for Nutrition 2.1,FPN 2.1,Cost of a healthy diet,CoHD,Azerbaijan,AZE,2.348,2.399,2.459,2.533,2.69
Food Prices for Nutrition 2.1,FPN 2.1,Cost of a healthy diet,CoHD,"Bahamas, The",BHS,4.276,4.387,4.364,4.488,4.661
Food Prices for Nutrition 2.1,FPN 2.1,Cost of a healthy diet,CoHD,Bahrain,BHR,3.379,3.463,3.573,3.835,4.036
Food Prices for Nutrition 2.1,FPN 2.1,Cost of a healthy diet,CoHD,Bangladesh,BGD,2.882,2.971,3.024,3.064,3.201
Food Prices for Nutrition 2.1,FPN 2.1,Cost of a healthy diet,CoHD,Barbados,BRB,..,..,..,..,..
Food Prices for Nutrition 2.1,FPN 2.1,Cost of a healthy diet,CoHD,Belarus,BLR,3.177,3.228,3.31,3.31,3.471
Food Prices for Nutrition 2.1,FPN 2.1,Cost of a healthy diet,CoHD,Belgium,BEL,2.862,2.962,3.047,3.159,3.125
Food Prices for Nutrition 2.1,FPN 2.1,Cost of a healthy diet,CoHD,Belize,BLZ,2.476,2.517,2.574,2.632,2.797
Food Prices for Nutrition 2.1,FPN 2.1,Cost of a healthy diet,CoHD,Benin,BEN,3.55,3.67,3.664,3.707,4.041
Food Prices for Nutrition 2.1,FPN 2.1,Cost of a healthy diet,CoHD,Bermuda,BMU,4.072,3.789,3.834,3.718,3.395
Food Prices for Nutrition 2.1,FPN 2.1,Cost of a healthy diet,CoHD,Bhutan,BTN,4.383,4.587,4.712,5.02,5.339
Food Prices for Nutrition 2.1,FPN 2.1,Cost of a healthy diet,CoHD,Bolivia,BOL,3.551,3.648,3.769,3.755,3.927
Food Prices for Nutrition 2.1,FPN 2.1,Cost of a healthy diet,CoHD,Bonaire,BON,..,..,..,..,..
Food Prices for Nutrition 2.1,FPN 2.1,Cost of a healthy diet,CoHD,Bosnia and Herzegovina,BIH,3.847,3.907,4.043,3.961,4.105
Food Prices for Nutrition 2.1,FPN 2.1,Cost of a healthy diet,CoHD,Botswana,BWA,3.622,3.575,3.591,3.701,3.829
Food Prices for Nutrition 2.1,FPN 2.1,Cost of a healthy diet,CoHD,Brazil,BRA,2.809,2.8,2.882,3.084,3.35
Food Prices for Nutrition 2.1,FPN 2.1,Cost of a healthy diet,CoHD,British Virgin Islands,VGB,3.235,3.087,3.281,3.22,3.425
Food Prices for Nutrition 2.1,FPN 2.1,Cost of a healthy diet,CoHD,Brunei Darussalam,BRN,4.126,4.263,4.327,4.405,4.641
Food Prices for Nutrition 2.1,FPN 2.1,Cost of a healthy diet,CoHD,Bulgaria,BGR,3.78,3.876,4.036,4.129,4.151
Food Prices for Nutrition 2.1,FPN 2.1,Cost of a healthy diet,CoHD,Burkina Faso,BFA,3.173,3.296,3.24,3.345,3.611
Food Prices for Nutrition 2.1,FPN 2.1,Cost of a healthy diet,CoHD,Burundi,BDI,2.988,2.804,2.783,2.943,3.138
Food Prices for Nutrition 2.1,FPN 2.1,Cost of a healthy diet,CoHD,Cabo Verde,CPV,3.358,3.413,3.484,3.563,3.683
Food Prices for Nutrition 2.1,FPN 2.1,Cost of a healthy diet,CoHD,Cambodia,KHM,3.618,3.706,3.778,3.888,4.064
Food Prices for Nutrition 2.1,FPN 2.1,Cost of a healthy diet,CoHD,Cameroon,CMR,2.616,2.684,2.744,2.808,2.997
Food Prices for Nutrition 2.1,FPN 2.1,Cost of a healthy diet,CoHD,Canada,CAN,2.863,2.911,2.927,3.017,3.065
Food Prices for Nutrition 2.1,FPN 2.1,Cost of a healthy diet,CoHD,Cayman Islands,CYM,2.928,2.866,2.701,2.91,3.05
Food Prices for Nutrition 2.1,FPN 2.1,Cost of a healthy diet,CoHD,Central African Republic,CAF,3.423,3.507,3.57,3.615,3.784
Food Prices for Nutrition 2.1,FPN 2.1,Cost of a healthy diet,CoHD,Chad,TCD,2.831,2.735,2.666,2.827,2.941
Food Prices for Nutrition 2.1,FPN 2.1,Cost of a healthy diet,CoHD,Chile,CHL,3.053,3.18,3.276,3.349,3.387
Food Prices for Nutrition 2.1,FPN 2.1,Cost of a healthy diet,CoHD,China,CHN,2.571,2.63,2.792,2.983,2.96
Food Prices for Nutrition 2.1,FPN 2.1,Cost of a healthy diet,CoHD,Colombia,COL,2.863,2.893,2.932,3.08,3.301
Food Prices for Nutrition 2.1,FPN 2.1,Cost of a healthy diet,CoHD,Comoros,COM,..,..,..,..,..
Food Prices for Nutrition 2.1,FPN 2.1,Cost of a healthy diet,CoHD,"Congo, Dem. Rep.",COD,2.921,2.58,2.393,2.242,2.253
Food Prices for Nutrition 2.1,FPN 2.1,Cost of a healthy diet,CoHD,"Congo, Rep.",COG,3.343,3.385,3.365,3.421,3.626
Food Prices for Nutrition 2.1,FPN 2.1,Cost of a healthy diet,CoHD,Costa Rica,CRI,3.961,4,4.048,3.889,3.925
Food Prices for Nutrition 2.1,FPN 2.1,Cost of a healthy diet,CoHD,Côte d'Ivoire,CIV,3.273,3.357,3.506,3.61,3.909
Food Prices for Nutrition 2.1,FPN 2.1,Cost of a healthy diet,CoHD,Croatia,HRV,4.168,4.22,4.273,4.301,4.29
Food Prices for Nutrition 2.1,FPN 2.1,Cost of a healthy diet,CoHD,Curacao,CUW,2.866,2.988,3.144,3.236,3.495
Food Prices for Nutrition 2.1,FPN 2.1,Cost of a healthy diet,CoHD,Cyprus,CYP,2.846,2.88,2.947,2.991,2.955
Food Prices for Nutrition 2.1,FPN 2.1,Cost of a healthy diet,CoHD,Czech Republic,CZE,2.899,2.921,3.025,3.003,2.985
Food Prices for Nutrition 2.1,FPN 2.1,Cost of a healthy diet,CoHD,Denmark,DNK,2.376,2.44,2.491,2.508,2.5
Food Prices for Nutrition 2.1,FPN 2.1,Cost of a healthy diet,CoHD,Djibouti,DJI,2.797,2.866,2.985,3.112,3.25
Food Prices for Nutrition 2.1,FPN 2.1,Cost of a healthy diet,CoHD,Dominica,DMA,4,4.146,4.236,4.345,4.561
Food Prices for Nutrition 2.1,FPN 2.1,Cost of a healthy diet,CoHD,Dominican Republic,DOM,3.521,3.608,3.744,3.884,4.128
Food Prices for Nutrition 2.1,FPN 2.1,Cost of a healthy diet,CoHD,East Asia & Pacific,EAS,3.7,3.779,3.87,4.024,4.21
Food Prices for Nutrition 2.1,FPN 2.1,Cost of a healthy diet,CoHD,Ecuador,ECU,2.788,2.816,2.861,2.928,3.035
Food Prices for Nutrition 2.1,FPN 2.1,Cost of a healthy diet,CoHD,"Egypt, Arab Rep.",EGY,3.457,3.507,3.503,3.369,3.506
Food Prices for Nutrition 2.1,FPN 2.1,Cost of a healthy diet,CoHD,El Salvador,SLV,..,..,..,..,..
Food Prices for Nutrition 2.1,FPN 2.1,Cost of a healthy diet,CoHD,Equatorial Guinea,GNQ,3.526,3.599,3.635,3.676,3.751
Food Prices for Nutrition 2.1,FPN 2.1,Cost of a healthy diet,CoHD,Estonia,EST,3.125,3.188,3.284,3.35,3.29
Food Prices for Nutrition 2.1,FPN 2.1,Cost of a healthy diet,CoHD,Eswatini,SWZ,3.428,3.349,3.395,3.406,3.537
Food Prices for Nutrition 2.1,FPN 2.1,Cost of a healthy diet,CoHD,Ethiopia,ETH,3.108,3.147,3.29,3.407,3.706
Food Prices for Nutrition 2.1,FPN 2.1,Cost of a healthy diet,CoHD,Europe & Central Asia,ECS,2.954,3.017,3.12,3.147,3.195
Food Prices for Nutrition 2.1,FPN 2.1,Cost of a healthy diet,CoHD,Fiji,FJI,3.612,3.677,3.858,3.914,4.358
Food Prices for Nutrition 2.1,FPN 2.1,Cost of a healthy diet,CoHD,Finland,FIN,2.545,2.624,2.704,2.732,2.716
Food Prices for Nutrition 2.1,FPN 2.1,Cost of a healthy diet,CoHD,France,FRA,2.936,3.019,3.177,3.238,3.254
Food Prices for Nutrition 2.1,FPN 2.1,Cost of a healthy diet,CoHD,Gabon,GAB,3.358,3.403,3.485,3.553,3.704
Food Prices for Nutrition 2.1,FPN 2.1,Cost of a healthy diet,CoHD,"Gambia, The",GMB,2.942,3.008,3.054,3.11,3.324
Food Prices for Nutrition 2.1,FPN 2.1,Cost of a healthy diet,CoHD,Germany,DEU,2.786,2.917,2.984,3.038,3.082
Food Prices for Nutrition 2.1,FPN 2.1,Cost of a healthy diet,CoHD,Ghana,GHA,3.767,3.86,3.942,4.036,4.237
Food Prices for Nutrition 2.1,FPN 2.1,Cost of a healthy diet,CoHD,Greece,GRC,3.037,3.102,3.167,3.14,3.174
Food Prices for Nutrition 2.1,FPN 2.1,Cost of a healthy diet,CoHD,Grenada,GRD,5.382,5.536,5.625,5.796,6.097
Food Prices for Nutrition 2.1,FPN 2.1,Cost of a healthy diet,CoHD,Guinea,GIN,3.655,3.863,4.001,4.127,4.443
Food Prices for Nutrition 2.1,FPN 2.1,Cost of a healthy diet,CoHD,Guinea-Bissau,GNB,3.164,3.254,3.335,3.434,3.694
Food Prices for Nutrition 2.1,FPN 2.1,Cost of a healthy diet,CoHD,Guyana,GUY,4.629,4.742,4.828,4.887,5.117
Food Prices for Nutrition 2.1,FPN 2.1,Cost of a healthy diet,CoHD,Haiti,HTI,3.93,4.075,4.275,4.49,4.814
Food Prices for Nutrition 2.1,FPN 2.1,Cost of a healthy diet,CoHD,High income,HIC,3.152,3.21,3.294,3.363,3.432
Food Prices for Nutrition 2.1,FPN 2.1,Cost of a healthy diet,CoHD,Honduras,HND,3.36,3.415,3.404,3.486,3.595
Food Prices for Nutrition 2.1,FPN 2.1,Cost of a healthy diet,CoHD,"Hong Kong SAR, China",HKG,3.659,3.819,4.147,4.513,4.718
Food Prices for Nutrition 2.1,FPN 2.1,Cost of a healthy diet,CoHD,Hungary,HUN,3.302,3.383,3.49,3.507,3.418
Food Prices for Nutrition 2.1,FPN 2.1,Cost of a healthy diet,CoHD,Iceland,ISL,2.213,2.247,2.314,2.42,2.416
Food Prices for Nutrition 2.1,FPN 2.1,Cost of a healthy diet,CoHD,India,IND,2.824,2.83,2.877,2.97,3.066
Food Prices for Nutrition 2.1,FPN 2.1,Cost of a healthy diet,CoHD,Indonesia,IDN,4.129,4.273,4.268,4.466,4.729
Food Prices for Nutrition 2.1,FPN 2.1,Cost of a healthy diet,CoHD,"Iran, Islamic Rep.",IRN,3.005,3.212,3.642,3.605,4.167
Food Prices for Nutrition 2.1,FPN 2.1,Cost of a healthy diet,CoHD,Iraq,IRQ,3.378,3.464,3.534,3.54,3.665
Food Prices for Nutrition 2.1,FPN 2.1,Cost of a healthy diet,CoHD,Ireland,IRL,2.397,2.341,2.34,2.204,2.15
Food Prices for Nutrition 2.1,FPN 2.1,Cost of a healthy diet,CoHD,Israel,ISR,2.436,2.5,2.482,2.473,2.524
Food Prices for Nutrition 2.1,FPN 2.1,Cost of a healthy diet,CoHD,Italy,ITA,2.885,2.979,3.121,3.154,3.168
Food Prices for Nutrition 2.1,FPN 2.1,Cost of a healthy diet,CoHD,Jamaica,JAM,5.975,6.141,6.398,6.681,7.033
Food Prices for Nutrition 2.1,FPN 2.1,Cost of a healthy diet,CoHD,Japan,JPN,5.529,5.701,5.565,5.647,5.638
Food Prices for Nutrition 2.1,FPN 2.1,Cost of a healthy diet,CoHD,Jordan,JOR,3.412,3.454,3.5,3.614,3.737
Food Prices for Nutrition 2.1,FPN 2.1,Cost of a healthy diet,CoHD,Kazakhstan,KAZ,2.391,2.426,2.537,2.657,2.852
Food Prices for Nutrition 2.1,FPN 2.1,Cost of a healthy diet,CoHD,Kenya,KEN,2.846,2.823,2.907,2.968,3.189
Food Prices for Nutrition 2.1,FPN 2.1,Cost of a healthy diet,CoHD,"Korea, Rep.",KOR,4.712,4.9,4.831,5.111,5.34
Food Prices for Nutrition 2.1,FPN 2.1,Cost of a healthy diet,CoHD,Kuwait,KWT,3.344,3.407,3.468,3.606,3.997
Food Prices for Nutrition 2.1,FPN 2.1,Cost of a healthy diet,CoHD,Kyrgyz Republic,KGZ,2.97,2.931,2.991,3.18,3.51
Food Prices for Nutrition 2.1,FPN 2.1,Cost of a healthy diet,CoHD,Lao PDR,LAO,3.776,3.838,3.959,4.141,4.305
Food Prices for Nutrition 2.1,FPN 2.1,Cost of a healthy diet,CoHD,Latin America & Caribbean,LCN,3.619,3.693,3.775,3.876,4.081
Food Prices for Nutrition 2.1,FPN 2.1,Cost of a healthy diet,CoHD,Latvia,LVA,3.124,3.13,3.245,3.269,3.254
Food Prices for Nutrition 2.1,FPN 2.1,Cost of a healthy diet,CoHD,Lesotho,LSO,3.77,3.878,4.01,4.266,4.618
Food Prices for Nutrition 2.1,FPN 2.1,Cost of a healthy diet,CoHD,Liberia,LBR,4.018,4.031607121,3.852,3.907,4.447
Food Prices for Nutrition 2.1,FPN 2.1,Cost of a healthy diet,CoHD,Lithuania,LTU,3.003,3.042,3.148,3.132,3.108
Food Prices for Nutrition 2.1,FPN 2.1,Cost of a healthy diet,CoHD,Low income,LIC,3.084,3.11,3.138,3.217,3.369
Food Prices for Nutrition 2.1,FPN 2.1,Cost of a healthy diet,CoHD,Lower middle income,LMC,3.397,3.478,3.549,3.652,3.879
Food Prices for Nutrition 2.1,FPN 2.1,Cost of a healthy diet,CoHD,Luxembourg,LUX,2.492,2.627,2.619,2.576,2.59
Food Prices for Nutrition 2.1,FPN 2.1,Cost of a healthy diet,CoHD,Madagascar,MDG,2.987,3.122,3.154,3.181,3.382
Food Prices for Nutrition 2.1,FPN 2.1,Cost of a healthy diet,CoHD,Malawi,MWI,2.724,2.809,2.989,3.149,3.365
Food Prices for Nutrition 2.1,FPN 2.1,Cost of a healthy diet,CoHD,Malaysia,MYS,3.224,3.319,3.412,3.538,3.679
Food Prices for Nutrition 2.1,FPN 2.1,Cost of a healthy diet,CoHD,Maldives,MDV,3.581,3.634,3.662,3.861,4.095
Food Prices for Nutrition 2.1,FPN 2.1,Cost of a healthy diet,CoHD,Mali,MLI,2.9,3.035,2.96,3.053,3.23
Food Prices for Nutrition 2.1,FPN 2.1,Cost of a healthy diet,CoHD,Malta,MLT,3.494,3.645,3.866,3.824,3.917
Food Prices for Nutrition 2.1,FPN 2.1,Cost of a healthy diet,CoHD,Mauritania,MRT,3.451,3.574,3.6541,3.6921,3.948
Food Prices for Nutrition 2.1,FPN 2.1,Cost of a healthy diet,CoHD,Mauritius,MUS,3.313,3.396,3.439,3.604,3.785
Food Prices for Nutrition 2.1,FPN 2.1,Cost of a healthy diet,CoHD,Mexico,MEX,2.993,3.071,3.039,3.074,3.205
Food Prices for Nutrition 2.1,FPN 2.1,Cost of a healthy diet,CoHD,Middle East & North Africa,MEA,3.14,3.224,3.319,3.376,3.554
Food Prices for Nutrition 2.1,FPN 2.1,Cost of a healthy diet,CoHD,Moldova,MDA,2.46,2.571,2.687,2.814,2.998
Food Prices for Nutrition 2.1,FPN 2.1,Cost of a healthy diet,CoHD,Mongolia,MNG,4.544,4.666,4.9,5.115,5.676
Food Prices for Nutrition 2.1,FPN 2.1,Cost of a healthy diet,CoHD,Montenegro,MNE,3.397,3.428,3.644,3.511,3.673
Food Prices for Nutrition 2.1,FPN 2.1,Cost of a healthy diet,CoHD,Montserrat,MSR,4.883,..,..,..,..
Food Prices for Nutrition 2.1,FPN 2.1,Cost of a healthy diet,CoHD,Morocco,MAR,2.71,2.752,2.759,2.797,2.905
Food Prices for Nutrition 2.1,FPN 2.1,Cost of a healthy diet,CoHD,Mozambique,MOZ,3.031,2.988,3.057,3.228,3.548
Food Prices for Nutrition 2.1,FPN 2.1,Cost of a healthy diet,CoHD,Myanmar,MMR,3.706,3.786,3.861,3.925,4.206
Food Prices for Nutrition 2.1,FPN 2.1,Cost of a healthy diet,CoHD,Namibia,NAM,3.255,3.3,3.378,3.52,3.761
Food Prices for Nutrition 2.1,FPN 2.1,Cost of a healthy diet,CoHD,Nepal,NPL,4.127,4.184,4.262,4.403,4.621
Food Prices for Nutrition 2.1,FPN 2.1,Cost of a healthy diet,CoHD,Netherlands,NLD,2.743,2.821,2.932,3,2.963
Food Prices for Nutrition 2.1,FPN 2.1,Cost of a healthy diet,CoHD,New Zealand,NZL,2.671,2.589,2.722,2.817,2.797
Food Prices for Nutrition 2.1,FPN 2.1,Cost of a healthy diet,CoHD,Nicaragua,NIC,3.191,3.245,3.279,3.335,3.54
Food Prices for Nutrition 2.1,FPN 2.1,Cost of a healthy diet,CoHD,Niger,NER,2.85,2.812,2.792,2.902,3.155
Food Prices for Nutrition 2.1,FPN 2.1,Cost of a healthy diet,CoHD,Nigeria,NGA,3.565,3.724,3.87,4.016,4.325
Food Prices for Nutrition 2.1,FPN 2.1,Cost of a healthy diet,CoHD,North America,NAC,3.386,3.313,3.343,3.373,3.32
Food Prices for Nutrition 2.1,FPN 2.1,Cost of a healthy diet,CoHD,North Macedonia,MKD,3.318,3.324,3.464,3.427,3.616
Food Prices for Nutrition 2.1,FPN 2.1,Cost of a healthy diet,CoHD,Norway,NOR,3.325,3.432,3.479,3.488,3.361
Food Prices for Nutrition 2.1,FPN 2.1,Cost of a healthy diet,CoHD,Oman,OMN,2.815,2.838,2.921,3.021,3.141
Food Prices for Nutrition 2.1,FPN 2.1,Cost of a healthy diet,CoHD,Pakistan,PAK,3.408,3.395,3.46,3.685,3.893
Food Prices for Nutrition 2.1,FPN 2.1,Cost of a healthy diet,CoHD,Panama,PAN,4.225,4.268,4.382,4.476,4.687
Food Prices for Nutrition 2.1,FPN 2.1,Cost of a healthy diet,CoHD,Paraguay,PRY,3.43,3.511,3.519,3.543,3.867
Food Prices for Nutrition 2.1,FPN 2.1,Cost of a healthy diet,CoHD,Peru,PER,3.084,3.062,3.098,3.133,3.334
Food Prices for Nutrition 2.1,FPN 2.1,Cost of a healthy diet,CoHD,Philippines,PHL,3.843,3.995,4.054,4.118,4.364
Food Prices for Nutrition 2.1,FPN 2.1,Cost of a healthy diet,CoHD,Poland,POL,2.909,2.986,3.162,3.21,3.155
Food Prices for Nutrition 2.1,FPN 2.1,Cost of a healthy diet,CoHD,Portugal,PRT,2.513,2.596,2.673,2.642,2.651
Food Prices for Nutrition 2.1,FPN 2.1,Cost of a healthy diet,CoHD,Qatar,QAT,2.375,2.426,2.484,2.577,2.708
Food Prices for Nutrition 2.1,FPN 2.1,Cost of a healthy diet,CoHD,Romania,ROU,2.921,2.97,3.133,3.207,3.253
Food Prices for Nutrition 2.1,FPN 2.1,Cost of a healthy diet,CoHD,Russian Federation,RUS,3.149,3.197,3.264,3.42,3.678
Food Prices for Nutrition 2.1,FPN 2.1,Cost of a healthy diet,CoHD,Rwanda,RWA,2.609,2.483,2.537,2.698,2.718
Food Prices for Nutrition 2.1,FPN 2.1,Cost of a healthy diet,CoHD,Sao Tome and Principe,STP,3.288,3.394,3.503,3.634,3.869
Food Prices for Nutrition 2.1,FPN 2.1,Cost of a healthy diet,CoHD,Saudi Arabia,SAU,3.441,3.663,3.888,4.148,4.441
Food Prices for Nutrition 2.1,FPN 2.1,Cost of a healthy diet,CoHD,Senegal,SEN,2.19,2.25,2.278,2.33,2.443
Food Prices for Nutrition 2.1,FPN 2.1,Cost of a healthy diet,CoHD,Serbia,SRB,4.07,4.166,4.334,4.268,4.346
Food Prices for Nutrition 2.1,FPN 2.1,Cost of a healthy diet,CoHD,Seychelles,SYC,4.01,3.959,3.948,3.784,4.131
Food Prices for Nutrition 2.1,FPN 2.1,Cost of a healthy diet,CoHD,Sierra Leone,SLE,2.842,2.952,2.847,2.893,3.167
Food Prices for Nutrition 2.1,FPN 2.1,Cost of a healthy diet,CoHD,Singapore,SGP,2.775,2.867,2.936,3.064,3.186
Food Prices for Nutrition 2.1,FPN 2.1,Cost of a healthy diet,CoHD,Sint Maarten (Dutch part),SXM,4.462,4.713,4.835,5.094,5.273
Food Prices for Nutrition 2.1,FPN 2.1,Cost of a healthy diet,CoHD,Slovak Republic,SVK,3.013,3.102,3.242,3.211,3.198
Food Prices for Nutrition 2.1,FPN 2.1,Cost of a healthy diet,CoHD,Slovenia,SVN,2.798,2.902,3.023,3.095,3.038
Food Prices for Nutrition 2.1,FPN 2.1,Cost of a healthy diet,CoHD,South Africa,ZAF,4.102,4.147,4.199,4.299,4.565
Food Prices for Nutrition 2.1,FPN 2.1,Cost of a healthy diet,CoHD,South Asia,SAS,3.558,3.615,3.666,3.847,4.069
Food Prices for Nutrition 2.1,FPN 2.1,Cost of a healthy diet,CoHD,Spain,ESP,2.699,2.741,2.845,2.841,2.879
Food Prices for Nutrition 2.1,FPN 2.1,Cost of a healthy diet,CoHD,Sri Lanka,LKA,3.702,3.705,3.667,3.923,4.268
Food Prices for Nutrition 2.1,FPN 2.1,Cost of a healthy diet,CoHD,St. Kitts and Nevis,KNA,2.998,3.179,3.31,3.405,3.526
Food Prices for Nutrition 2.1,FPN 2.1,Cost of a healthy diet,CoHD,St. Lucia,LCA,3.263,3.4,3.517,3.595,3.673
Food Prices for Nutrition 2.1,FPN 2.1,Cost of a healthy diet,CoHD,St. Vincent and the Grenadines,VCT,4.131,4.232,4.293,4.454,4.697
Food Prices for Nutrition 2.1,FPN 2.1,Cost of a healthy diet,CoHD,Sub-Saharan Africa,SSF,3.219,3.27,3.306,3.389,3.578
Food Prices for Nutrition 2.1,FPN 2.1,Cost of a healthy diet,CoHD,Sudan,SDN,3.674,3.921,4.306,4.308,3.081
Food Prices for Nutrition 2.1,FPN 2.1,Cost of a healthy diet,CoHD,Suriname,SUR,4.969,5.311,5.337,5.739,6.09
Food Prices for Nutrition 2.1,FPN 2.1,Cost of a healthy diet,CoHD,Sweden,SWE,3.086,3.164,3.274,3.309,3.279
Food Prices for Nutrition 2.1,FPN 2.1,Cost of a healthy diet,CoHD,Switzerland,CHE,2.523,2.591,2.654,2.639,2.619
Food Prices for Nutrition 2.1,FPN 2.1,Cost of a healthy diet,CoHD,"Taiwan, China",TWN,3.99,..,..,..,..
Food Prices for Nutrition 2.1,FPN 2.1,Cost of a healthy diet,CoHD,Tajikistan,TJK,3.027,3.03,3.194,3.468,3.61
Food Prices for Nutrition 2.1,FPN 2.1,Cost of a healthy diet,CoHD,Tanzania,TZA,2.598,2.648,2.681,2.736,2.866
Food Prices for Nutrition 2.1,FPN 2.1,Cost of a healthy diet,CoHD,Thailand,THA,3.971,4.042,4.181,4.321,4.463
Food Prices for Nutrition 2.1,FPN 2.1,Cost of a healthy diet,CoHD,Togo,TGO,..,..,..,..,..
Food Prices for Nutrition 2.1,FPN 2.1,Cost of a healthy diet,CoHD,Trinidad and Tobago,TTO,3.928,4.028,4.083,4.224,4.524
Food Prices for Nutrition 2.1,FPN 2.1,Cost of a healthy diet,CoHD,Tunisia,TUN,3.476,3.559,3.628,3.639,3.833
Food Prices for Nutrition 2.1,FPN 2.1,Cost of a healthy diet,CoHD,Türkiye,TUR,2.873,2.997,3.189,2.997,3.109
Food Prices for Nutrition 2.1,FPN 2.1,Cost of a healthy diet,CoHD,Turks and Caicos Islands,TCA,2.809,2.893,2.974,3.075,3.229
Food Prices for Nutrition 2.1,FPN 2.1,Cost of a healthy diet,CoHD,Uganda,UGA,2.749,2.712,2.679,2.671,2.774
Food Prices for Nutrition 2.1,FPN 2.1,Cost of a healthy diet,CoHD,United Arab Emirates,ARE,2.755,2.835,2.902,3.111,3.269
Food Prices for Nutrition 2.1,FPN 2.1,Cost of a healthy diet,CoHD,United Kingdom,GBR,1.822,1.873,1.937,1.911,1.95
Food Prices for Nutrition 2.1,FPN 2.1,Cost of a healthy diet,CoHD,United States,USA,3.225,3.24,3.268,3.383,3.5
Food Prices for Nutrition 2.1,FPN 2.1,Cost of a healthy diet,CoHD,Upper middle income,UMC,3.498,3.555,3.648,3.721,3.912
Food Prices for Nutrition 2.1,FPN 2.1,Cost of a healthy diet,CoHD,Uruguay,URY,3.073,3.17,3.254,3.414,3.543
Food Prices for Nutrition 2.1,FPN 2.1,Cost of a healthy diet,CoHD,Vietnam,VNM,3.586,3.663,3.776,4.072,4.216
Food Prices for Nutrition 2.1,FPN 2.1,Cost of a healthy diet,CoHD,West Bank and Gaza,PSE,3.342,3.398,3.493,3.356,3.285
Food Prices for Nutrition 2.1,FPN 2.1,Cost of a healthy diet,CoHD,WORLD,WLD,3.295,3.355,3.431,3.511,3.662
Food Prices for Nutrition 2.1,FPN 2.1,Cost of a healthy diet,CoHD,Zambia,ZMB,3.085,3.15,3.245,3.3,3.616
Food Prices for Nutrition 2.1,FPN 2.1,Cost of a healthy diet,CoHD,Zimbabwe,ZWE,2.199685,..,..,..,..
Food Prices for Nutrition 2.1,FPN 2.1,Population,Pop,Albania,ALB,2873457,2866376,2854191,2837849,2811666
Food Prices for Nutrition 2.1,FPN 2.1,Population,Pop,Algeria,DZA,41136546,41927007,42705368,43451666,44177969
Food Prices for Nutrition 2.1,FPN 2.1,Population,Pop,Angola,AGO,30208628,31273533,32353588,33428486,34503774
Food Prices for Nutrition 2.1,FPN 2.1,Population,Pop,Anguilla,AIA,..,..,..,..,..
Food Prices for Nutrition 2.1,FPN 2.1,Population,Pop,Antigua and Barbuda,ATG,91119,91626,92117,92664,93219
Food Prices for Nutrition 2.1,FPN 2.1,Population,Pop,Argentina,ARG,44044811,..,..,..,..
Food Prices for Nutrition 2.1,FPN 2.1,Population,Pop,Armenia,ARM,2851923,2836557,2820602,2805608,2790974
Food Prices for Nutrition 2.1,FPN 2.1,Population,Pop,Aruba,ABW,105439,105962,106442,106585,106537
Food Prices for Nutrition 2.1,FPN 2.1,Population,Pop,Australia,AUS,24594202,24966643,25340217,25655289,25688079
Food Prices for Nutrition 2.1,FPN 2.1,Population,Pop,Austria,AUT,8797566,8840521,8879920,8916864,8955797
Food Prices for Nutrition 2.1,FPN 2.1,Population,Pop,Azerbaijan,AZE,9854033,9939771,10024283,10093121,10137750
Food Prices for Nutrition 2.1,FPN 2.1,Population,Pop,"Bahamas, The",BHS,399020,401906,404557,406471,407906
Food Prices for Nutrition 2.1,FPN 2.1,Population,Pop,Bahrain,BHR,1456834,1487340,1494188,1477469,1463265
Food Prices for Nutrition 2.1,FPN 2.1,Population,Pop,Bangladesh,BGD,161793964,163683958,165516222,167420951,169356251
Food Prices for Nutrition 2.1,FPN 2.1,Population,Pop,Barbados,BRB,279187,..,..,..,..
Food Prices for Nutrition 2.1,FPN 2.1,Population,Pop,Belarus,BLR,9458989,9438785,9419758,9379952,9302585
Food Prices for Nutrition 2.1,FPN 2.1,Population,Pop,Belgium,BEL,11375158,11427054,11488980,11538604,11592952
Food Prices for Nutrition 2.1,FPN 2.1,Population,Pop,Belize,BLZ,374693,382066,389095,394921,400031
Food Prices for Nutrition 2.1,FPN 2.1,Population,Pop,Benin,BEN,11596779,11940683,12290444,12643123,12996895
Food Prices for Nutrition 2.1,FPN 2.1,Population,Pop,Bermuda,BMU,63873,63918,63911,63893,63764
Food Prices for Nutrition 2.1,FPN 2.1,Population,Pop,Bhutan,BTN,756121,762096,767459,772506,777486
Food Prices for Nutrition 2.1,FPN 2.1,Population,Pop,Bolivia,BOL,11435533,11606905,11777315,11936162,12079472
Food Prices for Nutrition 2.1,FPN 2.1,Population,Pop,Bonaire,BON,..,..,..,..,..
Food Prices for Nutrition 2.1,FPN 2.1,Population,Pop,Bosnia and Herzegovina,BIH,3440027,3400129,3360711,3318407,3270943
Food Prices for Nutrition 2.1,FPN 2.1,Population,Pop,Botswana,BWA,2401840,2451409,2499702,2546402,2588423
Food Prices for Nutrition 2.1,FPN 2.1,Population,Pop,Brazil,BRA,208504960,210166592,211782878,213196304,214326223
Food Prices for Nutrition 2.1,FPN 2.1,Population,Pop,British Virgin Islands,VGB,30060,30335,30610,30910,31122
Food Prices for Nutrition 2.1,FPN 2.1,Population,Pop,Brunei Darussalam,BRN,430276,434274,438048,441725,445373
Food Prices for Nutrition 2.1,FPN 2.1,Population,Pop,Bulgaria,BGR,7075947,7025037,6975761,6934015,6877743
Food Prices for Nutrition 2.1,FPN 2.1,Population,Pop,Burkina Faso,BFA,19835858,20392723,20951639,21522626,22100683
Food Prices for Nutrition 2.1,FPN 2.1,Population,Pop,Burundi,BDI,11155593,11493472,11874838,12220227,12551213
Food Prices for Nutrition 2.1,FPN 2.1,Population,Pop,Cabo Verde,CPV,564954,571202,577030,582640,587925
Food Prices for Nutrition 2.1,FPN 2.1,Population,Pop,Cambodia,KHM,15830689,16025238,16207746,16396860,16589023
Food Prices for Nutrition 2.1,FPN 2.1,Population,Pop,Cameroon,CMR,24393181,25076747,25782341,26491087,27198628
Food Prices for Nutrition 2.1,FPN 2.1,Population,Pop,Canada,CAN,36545236,37065084,37601230,38007166,38226498
Food Prices for Nutrition 2.1,FPN 2.1,Population,Pop,Cayman Islands,CYM,63581,64884,66134,67311,68136
Food Prices for Nutrition 2.1,FPN 2.1,Population,Pop,Central African Republic,CAF,4996741,5094780,5209324,5343020,5457154
Food Prices for Nutrition 2.1,FPN 2.1,Population,Pop,Chad,TCD,15085884,15604210,16126866,16644701,17179740
Food Prices for Nutrition 2.1,FPN 2.1,Population,Pop,Chile,CHL,18368577,18701450,19039485,19300315,19493184
Food Prices for Nutrition 2.1,FPN 2.1,Population,Pop,China,CHN,1396215000,1402760000,1407745000,1411100000,1412360000
Food Prices for Nutrition 2.1,FPN 2.1,Population,Pop,Colombia,COL,48351671,49276961,50187406,50930662,51516562
Food Prices for Nutrition 2.1,FPN 2.1,Population,Pop,Comoros,COM,761664,..,..,..,..
Food Prices for Nutrition 2.1,FPN 2.1,Population,Pop,"Congo, Dem. Rep.",COD,84283273,87087355,89906890,92853164,95894118
Food Prices for Nutrition 2.1,FPN 2.1,Population,Pop,"Congo, Rep.",COG,5312340,5441062,5570733,5702174,5835806
Food Prices for Nutrition 2.1,FPN 2.1,Population,Pop,Costa Rica,CRI,4993842,5040734,5084532,5123105,5153957
Food Prices for Nutrition 2.1,FPN 2.1,Population,Pop,Côte d'Ivoire,CIV,24848016,25493988,26147551,26811790,27478249
Food Prices for Nutrition 2.1,FPN 2.1,Population,Pop,Croatia,HRV,4124531,4087843,4065253,4047680,3879000
Food Prices for Nutrition 2.1,FPN 2.1,Population,Pop,Curacao,CUW,160175,159336,157441,154947,152369
Food Prices for Nutrition 2.1,FPN 2.1,Population,Pop,Cyprus,CYP,1208523,1218831,1228836,1237537,1244188
Food Prices for Nutrition 2.1,FPN 2.1,Population,Pop,Czech Republic,CZE,10594438,10629928,10671870,10697858,10505772
Food Prices for Nutrition 2.1,FPN 2.1,Population,Pop,Denmark,DNK,5764980,5793636,5814422,5831404,5856733
Food Prices for Nutrition 2.1,FPN 2.1,Population,Pop,Djibouti,DJI,1040233,1057198,1073994,1090156,1105557
Food Prices for Nutrition 2.1,FPN 2.1,Population,Pop,Dominica,DMA,70403,70823,71428,71995,72412
Food Prices for Nutrition 2.1,FPN 2.1,Population,Pop,Dominican Republic,DOM,10647244,10765531,10881882,10999664,11117873
Food Prices for Nutrition 2.1,FPN 2.1,Population,Pop,East Asia & Pacific,EAS,2288221317,2278505178,2290574843,2300278763,2306259068
Food Prices for Nutrition 2.1,FPN 2.1,Population,Pop,Ecuador,ECU,16696944,17015672,17343740,17588595,17797737
Food Prices for Nutrition 2.1,FPN 2.1,Population,Pop,"Egypt, Arab Rep.",EGY,101789386,103740765,105618671,107465134,109262178
Food Prices for Nutrition 2.1,FPN 2.1,Population,Pop,El Salvador,SLV,6266654,..,..,..,..
Food Prices for Nutrition 2.1,FPN 2.1,Population,Pop,Equatorial Guinea,GNQ,1450694,1502091,1553031,1596049,1634466
Food Prices for Nutrition 2.1,FPN 2.1,Population,Pop,Estonia,EST,1317384,1321977,1326898,1329522,1330932
Food Prices for Nutrition 2.1,FPN 2.1,Population,Pop,Eswatini,SWZ,1151390,1160428,1169613,1180655,1192271
Food Prices for Nutrition 2.1,FPN 2.1,Population,Pop,Ethiopia,ETH,108197950,111129438,114120594,117190911,120283026
Food Prices for Nutrition 2.1,FPN 2.1,Population,Pop,Europe & Central Asia,ECS,826577667,829040196,830965742,832392692,832287097
Food Prices for Nutrition 2.1,FPN 2.1,Population,Pop,Fiji,FJI,919019,918996,918465,920422,924610
Food Prices for Nutrition 2.1,FPN 2.1,Population,Pop,Finland,FIN,5508214,5515525,5521606,5529543,5541017
Food Prices for Nutrition 2.1,FPN 2.1,Population,Pop,France,FRA,66918020,67158348,67388001,67571107,67749632
Food Prices for Nutrition 2.1,FPN 2.1,Population,Pop,Gabon,GAB,2140215,2192012,2242785,2292573,2341179
Food Prices for Nutrition 2.1,FPN 2.1,Population,Pop,"Gambia, The",GMB,2381182,2444916,2508883,2573995,2639916
Food Prices for Nutrition 2.1,FPN 2.1,Population,Pop,Germany,DEU,82657002,82905782,83092962,83160871,83196078
Food Prices for Nutrition 2.1,FPN 2.1,Population,Pop,Ghana,GHA,30222262,30870641,31522290,32180401,32833031
Food Prices for Nutrition 2.1,FPN 2.1,Population,Pop,Greece,GRC,10754679,10732882,10721582,10698599,10641221
Food Prices for Nutrition 2.1,FPN 2.1,Population,Pop,Grenada,GRD,120921,121838,122724,123663,124610
Food Prices for Nutrition 2.1,FPN 2.1,Population,Pop,Guinea,GIN,12240789,12554864,12877539,13205153,13531906
Food Prices for Nutrition 2.1,FPN 2.1,Population,Pop,Guinea-Bissau,GNB,1879826,1924955,1970457,2015828,2060721
Food Prices for Nutrition 2.1,FPN 2.1,Population,Pop,Guyana,GUY,763252,785514,798753,797202,804567
Food Prices for Nutrition 2.1,FPN 2.1,Population,Pop,Haiti,HTI,10863543,11012421,11160438,11306801,11447569
Food Prices for Nutrition 2.1,FPN 2.1,Population,Pop,High income,HIC,1219259590,1201464351,1206619363,1211532185,1211165218
Food Prices for Nutrition 2.1,FPN 2.1,Population,Pop,Honduras,HND,9626842,9792850,9958829,10121763,10278345
Food Prices for Nutrition 2.1,FPN 2.1,Population,Pop,"Hong Kong SAR, China",HKG,7393200,7452600,7507900,7481000,7413100
Food Prices for Nutrition 2.1,FPN 2.1,Population,Pop,Hungary,HUN,9787966,9775564,9771141,9750149,9709891
Food Prices for Nutrition 2.1,FPN 2.1,Population,Pop,Iceland,ISL,343400,352721,360563,366463,372520
Food Prices for Nutrition 2.1,FPN 2.1,Population,Pop,India,IND,1354195680,1369003306,1383112050,1396387127,1407563842
Food Prices for Nutrition 2.1,FPN 2.1,Population,Pop,Indonesia,IDN,264498852,267066843,269582878,271857970,273753191
Food Prices for Nutrition 2.1,FPN 2.1,Population,Pop,"Iran, Islamic Rep.",IRN,84505076,85617562,86564202,87290193,87923432
Food Prices for Nutrition 2.1,FPN 2.1,Population,Pop,Iraq,IRQ,39621162,40590700,41563520,42556984,43533592
Food Prices for Nutrition 2.1,FPN 2.1,Population,Pop,Ireland,IRL,4807388,4867316,4934340,4985382,5033165
Food Prices for Nutrition 2.1,FPN 2.1,Population,Pop,Israel,ISR,8713300,8882800,9054000,9215100,9364700
Food Prices for Nutrition 2.1,FPN 2.1,Population,Pop,Italy,ITA,60536709,60421760,59729081,59438851,59109668
Food Prices for Nutrition 2.1,FPN 2.1,Population,Pop,Jamaica,JAM,2808376,2811835,2813773,2820436,2827695
Food Prices for Nutrition 2.1,FPN 2.1,Population,Pop,Japan,JPN,126972000,126811000,126633000,126261000,125681593
Food Prices for Nutrition 2.1,FPN 2.1,Population,Pop,Jordan,JOR,10215381,10459865,10698683,10928721,11148278
Food Prices for Nutrition 2.1,FPN 2.1,Population,Pop,Kazakhstan,KAZ,18037776,18276452,18513673,18755666,19000988
Food Prices for Nutrition 2.1,FPN 2.1,Population,Pop,Kenya,KEN,48948137,49953304,50951450,51985780,53005614
Food Prices for Nutrition 2.1,FPN 2.1,Population,Pop,"Korea, Rep.",KOR,51361911,51585058,51764822,51836239,51744876
Food Prices for Nutrition 2.1,FPN 2.1,Population,Pop,Kuwait,KWT,4124904,4317185,4441100,4360444,4250114
Food Prices for Nutrition 2.1,FPN 2.1,Population,Pop,Kyrgyz Republic,KGZ,6198200,6322800,6456200,6579900,6691800
Food Prices for Nutrition 2.1,FPN 2.1,Population,Pop,Lao PDR,LAO,6997917,7105006,7212053,7319399,7425057
Food Prices for Nutrition 2.1,FPN 2.1,Population,Pop,Latin America & Caribbean,LCN,572342871,572237142,578509517,583891678,588418945
Food Prices for Nutrition 2.1,FPN 2.1,Population,Pop,Latvia,LVA,1942248,1927174,1913822,1900449,1884490
Food Prices for Nutrition 2.1,FPN 2.1,Population,Pop,Lesotho,LSO,2170617,2198017,2225702,2254100,2281454
Food Prices for Nutrition 2.1,FPN 2.1,Population,Pop,Liberia,LBR,4796631,4889391,4985289,5087584,5193416
Food Prices for Nutrition 2.1,FPN 2.1,Population,Pop,Lithuania,LTU,2828403,2801543,2794137,2794885,2800839
Food Prices for Nutrition 2.1,FPN 2.1,Population,Pop,Low income,LIC,504388820,511509198,526672708,542148509,557798699
Food Prices for Nutrition 2.1,FPN 2.1,Population,Pop,Lower middle income,LMC,3130579322,3167642141,3210833968,3253486207,3293993013
Food Prices for Nutrition 2.1,FPN 2.1,Population,Pop,Luxembourg,LUX,596336,607950,620001,630419,640064
Food Prices for Nutrition 2.1,FPN 2.1,Population,Pop,Madagascar,MDG,26169542,26846541,27533134,28225177,28915653
Food Prices for Nutrition 2.1,FPN 2.1,Population,Pop,Malawi,MWI,17881167,18367883,18867337,19377061,19889742
Food Prices for Nutrition 2.1,FPN 2.1,Population,Pop,Malaysia,MYS,31975806,32399271,32804020,33199993,33573874
Food Prices for Nutrition 2.1,FPN 2.1,Population,Pop,Maldives,MDV,472442,489758,504508,514438,521457
Food Prices for Nutrition 2.1,FPN 2.1,Population,Pop,Mali,MLI,19311355,19934298,20567424,21224040,21904983
Food Prices for Nutrition 2.1,FPN 2.1,Population,Pop,Malta,MLT,467999,484630,504062,515332,518536
Food Prices for Nutrition 2.1,FPN 2.1,Population,Pop,Mauritania,MRT,4160015,4270712,4383849,4498604,4614974
Food Prices for Nutrition 2.1,FPN 2.1,Population,Pop,Mauritius,MUS,1264887,1265577,1265985,1266014,1266334
Food Prices for Nutrition 2.1,FPN 2.1,Population,Pop,Mexico,MEX,122839258,124013861,125085311,125998302,126705138
Food Prices for Nutrition 2.1,FPN 2.1,Population,Pop,Middle East & North Africa,MEA,395380211,402520882,409205838,414593143,419534147
Food Prices for Nutrition 2.1,FPN 2.1,Population,Pop,Moldova,MDA,2755189,2707203,2664224,2635130,2615199
Food Prices for Nutrition 2.1,FPN 2.1,Population,Pop,Mongolia,MNG,3096030,3163991,3232430,3294335,3347782
Food Prices for Nutrition 2.1,FPN 2.1,Population,Pop,Montenegro,MNE,622373,622227,622028,621306,619211
Food Prices for Nutrition 2.1,FPN 2.1,Population,Pop,Montserrat,MSR,..,..,..,..,..
Food Prices for Nutrition 2.1,FPN 2.1,Population,Pop,Morocco,MAR,35528115,35927511,36304408,36688772,37076584
Food Prices for Nutrition 2.1,FPN 2.1,Population,Pop,Mozambique,MOZ,28569441,29423878,30285595,31178239,32077072
Food Prices for Nutrition 2.1,FPN 2.1,Population,Pop,Myanmar,MMR,52288341,52666014,53040212,53423198,53798084
Food Prices for Nutrition 2.1,FPN 2.1,Population,Pop,Namibia,NAM,2364534,2405680,2446644,2489098,2530151
Food Prices for Nutrition 2.1,FPN 2.1,Population,Pop,Nepal,NPL,28183426,28506712,28832496,29348627,30034989
Food Prices for Nutrition 2.1,FPN 2.1,Population,Pop,Netherlands,NLD,17131296,17231624,17344874,17441500,17533044
Food Prices for Nutrition 2.1,FPN 2.1,Population,Pop,New Zealand,NZL,4813600,4900600,4979200,5090200,5111400
Food Prices for Nutrition 2.1,FPN 2.1,Population,Pop,Nicaragua,NIC,6480532,6572233,6663924,6755895,6850540
Food Prices for Nutrition 2.1,FPN 2.1,Population,Pop,Niger,NER,21737922,22577058,23443393,24333639,25252722
Food Prices for Nutrition 2.1,FPN 2.1,Population,Pop,Nigeria,NGA,193495907,198387623,203304492,208327405,213401323
Food Prices for Nutrition 2.1,FPN 2.1,Population,Pop,North America,NAC,361731237,363967201,365995094,369582571,370321816
Food Prices for Nutrition 2.1,FPN 2.1,Population,Pop,North Macedonia,MKD,2074502,2076217,2076694,2072531,2065092
Food Prices for Nutrition 2.1,FPN 2.1,Population,Pop,Norway,NOR,5276968,5311916,5347896,5379475,5408320
Food Prices for Nutrition 2.1,FPN 2.1,Population,Pop,Oman,OMN,4541854,4601157,4602768,4543399,4520471
Food Prices for Nutrition 2.1,FPN 2.1,Population,Pop,Pakistan,PAK,216379655,219731479,223293280,227196741,231402117
Food Prices for Nutrition 2.1,FPN 2.1,Population,Pop,Panama,PAN,4096063,4165255,4232532,4294396,4351267
Food Prices for Nutrition 2.1,FPN 2.1,Population,Pop,Paraguay,PRY,6355404,6443328,6530026,6618695,6703799
Food Prices for Nutrition 2.1,FPN 2.1,Population,Pop,Peru,PER,31605486,32203944,32824861,33304756,33715471
Food Prices for Nutrition 2.1,FPN 2.1,Population,Pop,Philippines,PHL,106738501,108568836,110380804,112190977,113880328
Food Prices for Nutrition 2.1,FPN 2.1,Population,Pop,Poland,POL,37974826,37974750,37965475,37899070,37747124
Food Prices for Nutrition 2.1,FPN 2.1,Population,Pop,Portugal,PRT,10300300,10283822,10286263,10297081,10325147
Food Prices for Nutrition 2.1,FPN 2.1,Population,Pop,Qatar,QAT,2711755,2766732,2807235,2760385,2688235
Food Prices for Nutrition 2.1,FPN 2.1,Population,Pop,Romania,ROU,19588715,19473970,19371648,19265250,19119880
Food Prices for Nutrition 2.1,FPN 2.1,Population,Pop,Russian Federation,RUS,144496739,144477859,144406261,144073139,143449286
Food Prices for Nutrition 2.1,FPN 2.1,Population,Pop,Rwanda,RWA,12230339,12531808,12835028,13146362,13461888
Food Prices for Nutrition 2.1,FPN 2.1,Population,Pop,Sao Tome and Principe,STP,208036,211344,214599,218641,223107
Food Prices for Nutrition 2.1,FPN 2.1,Population,Pop,Saudi Arabia,SAU,34193122,35018133,35827362,35997107,35950396
Food Prices for Nutrition 2.1,FPN 2.1,Population,Pop,Senegal,SEN,15157793,15574909,16000781,16436120,16876720
Food Prices for Nutrition 2.1,FPN 2.1,Population,Pop,Serbia,SRB,7020858,6982604,6945235,6899126,6834326
Food Prices for Nutrition 2.1,FPN 2.1,Population,Pop,Seychelles,SYC,95843,96762,97625,98462,99258
Food Prices for Nutrition 2.1,FPN 2.1,Population,Pop,Sierra Leone,SLE,7677565,7861281,8046828,8233970,8420641
Food Prices for Nutrition 2.1,FPN 2.1,Population,Pop,Singapore,SGP,5612253,5638676,5703569,5685807,5453566
Food Prices for Nutrition 2.1,FPN 2.1,Population,Pop,Sint Maarten (Dutch part),SXM,40574,40895,41608,42310,42846
Food Prices for Nutrition 2.1,FPN 2.1,Population,Pop,Slovak Republic,SVK,5439232,5446771,5454147,5458827,5447247
Food Prices for Nutrition 2.1,FPN 2.1,Population,Pop,Slovenia,SVN,2066388,2073894,2088385,2102419,2108079
Food Prices for Nutrition 2.1,FPN 2.1,Population,Pop,South Africa,ZAF,56641209,57339635,58087055,58801927,59392255
Food Prices for Nutrition 2.1,FPN 2.1,Population,Pop,South Asia,SAS,1783288101,1803847309,1823829015,1843559390,1861812142
Food Prices for Nutrition 2.1,FPN 2.1,Population,Pop,Spain,ESP,46593236,46797754,47134837,47365655,47415750
Food Prices for Nutrition 2.1,FPN 2.1,Population,Pop,Sri Lanka,LKA,21506813,21670000,21803000,21919000,22156000
Food Prices for Nutrition 2.1,FPN 2.1,Population,Pop,St. Kitts and Nevis,KNA,47785,47761,47712,47642,47606
Food Prices for Nutrition 2.1,FPN 2.1,Population,Pop,St. Lucia,LCA,177163,177888,178583,179237,179651
Food Prices for Nutrition 2.1,FPN 2.1,Population,Pop,St. Vincent and the Grenadines,VCT,105549,105281,104924,104632,104332
Food Prices for Nutrition 2.1,FPN 2.1,Population,Pop,Sub-Saharan Africa,SSF,1034965894,1054329184,1082587185,1111354224,1140262394
Food Prices for Nutrition 2.1,FPN 2.1,Population,Pop,Sudan,SDN,40679828,41999059,43232093,44440486,45657202
Food Prices for Nutrition 2.1,FPN 2.1,Population,Pop,Suriname,SUR,587559,593715,600301,607065,612985
Food Prices for Nutrition 2.1,FPN 2.1,Population,Pop,Sweden,SWE,10057698,10175214,10278887,10353442,10415811
Food Prices for Nutrition 2.1,FPN 2.1,Population,Pop,Switzerland,CHE,8451840,8514329,8575280,8638167,8703405
Food Prices for Nutrition 2.1,FPN 2.1,Population,Pop,"Taiwan, China",TWN,23552470,..,..,..,..
Food Prices for Nutrition 2.1,FPN 2.1,Population,Pop,Tajikistan,TJK,8925525,9128132,9337003,9543207,9750064
Food Prices for Nutrition 2.1,FPN 2.1,Population,Pop,Tanzania,TZA,56267032,58090443,59872579,61704518,63588334
Food Prices for Nutrition 2.1,FPN 2.1,Population,Pop,Thailand,THA,70898202,71127802,71307763,71475664,71601103
Food Prices for Nutrition 2.1,FPN 2.1,Population,Pop,Togo,TGO,7852795,..,..,..,..
Food Prices for Nutrition 2.1,FPN 2.1,Population,Pop,Trinidad and Tobago,TTO,1478607,1504709,1519955,1518147,1525663
Food Prices for Nutrition 2.1,FPN 2.1,Population,Pop,Tunisia,TUN,11811443,11933041,12049314,12161723,12262946
Food Prices for Nutrition 2.1,FPN 2.1,Population,Pop,Türkiye,TUR,82089826,82809304,83481684,84135428,84775404
Food Prices for Nutrition 2.1,FPN 2.1,Population,Pop,Turks and Caicos Islands,TCA,39844,41487,43080,44276,45114
Food Prices for Nutrition 2.1,FPN 2.1,Population,Pop,Uganda,UGA,40127085,41515395,42949080,44404611,45853778
Food Prices for Nutrition 2.1,FPN 2.1,Population,Pop,United Arab Emirates,ARE,9068296,9140169,9211657,9287289,9365145
Food Prices for Nutrition 2.1,FPN 2.1,Population,Pop,United Kingdom,GBR,66058859,66460344,66836327,67081234,67026300
Food Prices for Nutrition 2.1,FPN 2.1,Population,Pop,United States,USA,325122128,326838199,328329953,331511512,332031554
Food Prices for Nutrition 2.1,FPN 2.1,Population,Pop,Upper middle income,UMC,2408279566,2423831402,2437541195,2448485560,2455938679
Food Prices for Nutrition 2.1,FPN 2.1,Population,Pop,Uruguay,URY,3422200,3427042,3428409,3429086,3426260
Food Prices for Nutrition 2.1,FPN 2.1,Population,Pop,Vietnam,VNM,94033048,94914330,95776716,96648685,97468029
Food Prices for Nutrition 2.1,FPN 2.1,Population,Pop,West Bank and Gaza,PSE,4454805,4569087,4685306,4803269,4922749
Food Prices for Nutrition 2.1,FPN 2.1,Population,Pop,WORLD,WLD,7262507298,7304447092,7381667234,7455652461,7518895609
Food Prices for Nutrition 2.1,FPN 2.1,Population,Pop,Zambia,ZMB,17298054,17835893,18380477,18927715,19473125
Food Prices for Nutrition 2.1,FPN 2.1,Population,Pop,Zimbabwe,ZWE,14751101,..,..,..,..
,,,,,,,,,,
,,,,,,,,,,
,,,,,,,,,,
Data from database: Food Prices for Nutrition,,,,,,,,,,
Last Updated: 12/15/2023,,,,,,,,,,
Code,Indicator Name,Long definition,Source,,,,,,,
CoHD,Cost of a healthy diet,"The cost of a healthy diet indicator is the cost of purchasing the least expensive locally available foods to meet requirements for energy and food-based dietary guidelines (FBDGs), in current PPP$/person/day, for a representative person within energy balance at 2330 kcal/day. Data available for 2017, 2018, 2019, 2020 and 2021. PPPs in 2018, and/or 2019, and/or 2020, and/or 2021 are imputed by the Food and Agriculture Organization of the United Nations for the given countries of Argentina, Aruba, Bermuda, British Virgin Islands, Cayman Islands, Curaçao, Democratic Republic of the Congo, Dominica, Djibouti, Equatorial Guinea, Eswatini, Gabon, Kazakhstan, Liberia, Malawi, Myanmar, Sao Tome and Principe, Senegal, Seychelles, Sint Maarten (Dutch part), Suriname, Tajikistan, United Arab Emirates and Zimbabwe.","Adapted from Herforth, A., Venkat, A., Bai, Y., Costlow, L., Holleman, C. & Masters, W.A. 2022. Methods and options to monitor globally the cost and affordability of a healthy diet. Background paper for The State of Food Security and Nutrition in the World 2022. Rome, FAO.",,,,,,,
Pop,Population,"Total population is based on the de facto definition of population, which counts all residents regardless of legal status or citizenship. The values shown are midyear estimates.","(1) United Nations Population Division. World Population Prospects: 2022 Revision. (2) Census reports and other statistical publications from national statistical offices, (3) Eurostat: Demographic Statistics, (4) United Nations Statistical Division. Population and Vital Statistics Reprot (various years), (5) U.S. Census Bureau: International Database, and (6) Secretariat of the Pacific Community: Statistics and Demography Programme.",,,,,,,
