country_name,country_code,year,population,millions_healthy_diet,millions_nutrient,millions_calories,percent_healthy_diet,percent_nutrient,percent_calories,affordability_energy,affordability_nutrient,affordability_healthy_diet
Albania,ALB,2017.0,2873457,0.9,0.3,0,31.3,8.9,0,0.078,0.266,0.425
Albania,ALB,2018.0,2866376,0.7,,,23,,,,,
Albania,ALB,2019.0,2854191,0.6,,,22.2,,,,,
Albania,ALB,2020.0,2837849,0.6,,,19.9,,,,,
Albania,ALB,2021.0,2811666,0.4,,,15.7,,,,,
Algeria,DZA,2017.0,41136546,13.3,2.5,0.1,32.4,6.2,0.1,0.124,0.374,0.605
Algeria,DZA,2018.0,41927007,13,,,31,,,,,
Algeria,DZA,2019.0,42705368,12.4,,,28.9,,,,,
Algeria,DZA,2020.0,43451666,13.5,,,31.1,,,,,
Algeria,DZA,2021.0,44177969,14.2,,,32.2,,,,,
Angola,AGO,2017.0,30208628,24.6,21.5,10.9,81.5,71.2,36.1,0.315,0.726,0.972
Angola,AGO,2018.0,31273533,25.9,,,82.7,,,,,
Angola,AGO,2019.0,32353588,27.1,,,83.9,,,,,
Angola,AGO,2020.0,33428486,29,,,86.7,,,,,
Angola,AGO,2021.0,34503774,30.4,,,88.1,,,,,
Anguilla,AIA,2017.0,,,,,,,,0.203,0.378,0.577
Anguilla,AIA,2018.0,,,,,,,,,,
Anguilla,AIA,2019.0,,,,,,,,,,
Anguilla,AIA,2020.0,,,,,,,,,,
Anguilla,AIA,2021.0,,,,,,,,,,
Antigua and Barbuda,ATG,2017.0,91119,,,,,,,0.174,0.563,0.767
Antigua and Barbuda,ATG,2018.0,91626,,,,,,,,,
Antigua and Barbuda,ATG,2019.0,92117,,,,,,,,,
Antigua and Barbuda,ATG,2020.0,92664,,,,,,,,,
Antigua and Barbuda,ATG,2021.0,93219,,,,,,,,,
Argentina,ARG,2017.0,44044811,3,1.8,0.1,6.8,4,0.2,0.077,0.31,0.395
Argentina,ARG,2018.0,,,,,,,,,,
Argentina,ARG,2019.0,,,,,,,,,,
Argentina,ARG,2020.0,,,,,,,,,,
Argentina,ARG,2021.0,,,,,,,,,,
Armenia,ARM,2017.0,2851923,1.1,0.4,0,37.1,14.3,0.5,0.088,0.192,0.27
Armenia,ARM,2018.0,2836557,1.1,,,37.9,,,,,
Armenia,ARM,2019.0,2820602,1.1,,,40,,,,,
Armenia,ARM,2020.0,2805608,1.1,,,39,,,,,
Armenia,ARM,2021.0,2790974,1.2,,,41.4,,,,,
Aruba,ABW,2017.0,105439,,,,,,,0.239,0.6,0.723
Aruba,ABW,2018.0,105962,,,,,,,,,
Aruba,ABW,2019.0,106442,,,,,,,,,
Aruba,ABW,2020.0,106585,,,,,,,,,
Aruba,ABW,2021.0,106537,,,,,,,,,
Australia,AUS,2017.0,24594202,0.2,0.1,0.1,0.7,0.5,0.2,0.045,0.235,0.333
Australia,AUS,2018.0,24966643,0.2,,,0.7,,,,,
Australia,AUS,2019.0,25340217,0.2,,,0.7,,,,,
Australia,AUS,2020.0,25655289,0.2,,,0.7,,,,,
Australia,AUS,2021.0,25688079,0.2,,,0.7,,,,,
Austria,AUT,2017.0,8797566,0.1,0,0,0.6,0.5,0.2,0.049,0.318,0.39
Austria,AUT,2018.0,8840521,0.1,,,0.8,,,,,
Austria,AUT,2019.0,8879920,0.1,,,0.8,,,,,
Austria,AUT,2020.0,8916864,0.1,,,1,,,,,
Austria,AUT,2021.0,8955797,0.1,,,0.9,,,,,
Azerbaijan,AZE,2017.0,9854033,0,0,0,0,0,0,0.097,0.225,0.288
Azerbaijan,AZE,2018.0,9939771,0,,,0,,,,,
Azerbaijan,AZE,2019.0,10024283,0,,,0,,,,,
Azerbaijan,AZE,2020.0,10093121,0,,,0,,,,,
Azerbaijan,AZE,2021.0,10137750,0,,,0,,,,,
"Bahamas, The",BHS,2017.0,399020,,,,,,,0.169,0.755,0.69
"Bahamas, The",BHS,2018.0,401906,,,,,,,,,
"Bahamas, The",BHS,2019.0,404557,,,,,,,,,
"Bahamas, The",BHS,2020.0,406471,,,,,,,,,
"Bahamas, The",BHS,2021.0,407906,,,,,,,,,
Bahrain,BHR,2017.0,1456834,,,,,,,0.115,0.412,0.492
Bahrain,BHR,2018.0,1487340,,,,,,,,,
Bahrain,BHR,2019.0,1494188,,,,,,,,,
Bahrain,BHR,2020.0,1477469,,,,,,,,,
Bahrain,BHR,2021.0,1463265,,,,,,,,,
Bangladesh,BGD,2017.0,161793964,125.7,84.1,1.3,77.7,52,0.8,0.145,0.438,0.648
Bangladesh,BGD,2018.0,163683958,126,,,76.9,,,,,
Bangladesh,BGD,2019.0,165516222,125.8,,,76,,,,,
Bangladesh,BGD,2020.0,167420951,125.9,,,75.2,,,,,
Bangladesh,BGD,2021.0,169356251,125.2,,,73.9,,,,,
Barbados,BRB,2017.0,279187,,,,,,,0.218,0.542,
Barbados,BRB,2018.0,,,,,,,,,,
Barbados,BRB,2019.0,,,,,,,,,,
Barbados,BRB,2020.0,,,,,,,,,,
Barbados,BRB,2021.0,,,,,,,,,,
Belarus,BLR,2017.0,9458989,0.2,0,0,2.1,0.2,0,0.095,0.257,0.378
Belarus,BLR,2018.0,9438785,0.1,,,1.1,,,,,
Belarus,BLR,2019.0,9419758,0.1,,,1.4,,,,,
Belarus,BLR,2020.0,9379952,0.1,,,0.7,,,,,
Belarus,BLR,2021.0,9302585,0,,,0.5,,,,,
Belgium,BEL,2017.0,11375158,0,0,0,0.3,0.3,0.1,0.032,0.291,0.347
Belgium,BEL,2018.0,11427054,0,,,0.2,,,,,
Belgium,BEL,2019.0,11488980,0,,,0.2,,,,,
Belgium,BEL,2020.0,11538604,0,,,0.2,,,,,
Belgium,BEL,2021.0,11592952,0,,,0.1,,,,,
Belize,BLZ,2017.0,374693,0.2,0.2,0.1,50.9,57,19.6,0.461,1.143,1.009
Belize,BLZ,2018.0,382066,0.2,,,50.7,,,,,
Belize,BLZ,2019.0,389095,0.2,,,49.4,,,,,
Belize,BLZ,2020.0,394921,0.2,,,57,,,,,
Belize,BLZ,2021.0,400031,0.2,,,53,,,,,
Benin,BEN,2017.0,11596779,10.5,9.5,1.6,90.6,81.9,13.7,0.316,1.211,1.721
Benin,BEN,2018.0,11940683,10.4,,,86.8,,,,,
Benin,BEN,2019.0,12290444,10.1,,,82.5,,,,,
Benin,BEN,2020.0,12643123,10.4,,,82.2,,,,,
Benin,BEN,2021.0,12996895,10.7,,,82.6,,,,,
Bermuda,BMU,2017.0,63873,,,,,,,0.104,0.447,0.387
Bermuda,BMU,2018.0,63918,,,,,,,,,
Bermuda,BMU,2019.0,63911,,,,,,,,,
Bermuda,BMU,2020.0,63893,,,,,,,,,
Bermuda,BMU,2021.0,63764,,,,,,,,,
Bhutan,BTN,2017.0,756121,0.4,0.2,0,51.2,26.2,0.7,0.18,0.481,0.753
Bhutan,BTN,2018.0,762096,0.2,,,30.4,,,,,
Bhutan,BTN,2019.0,767459,0.3,,,35.7,,,,,
Bhutan,BTN,2020.0,772506,0.3,,,38.1,,,,,
Bhutan,BTN,2021.0,777486,0.2,,,30.5,,,,,
Bolivia,BOL,2017.0,11435533,2.4,2.2,0.8,20.9,19.1,6.8,0.258,0.586,0.624
Bolivia,BOL,2018.0,11606905,2.2,,,19.1,,,,,
Bolivia,BOL,2019.0,11777315,1.9,,,16,,,,,
Bolivia,BOL,2020.0,11936162,2.1,,,17.2,,,,,
Bolivia,BOL,2021.0,12079472,1.8,,,15.1,,,,,
Bonaire,BON,2017.0,,,,,,,,0.225,1.002,
Bonaire,BON,2018.0,,,,,,,,,,
Bonaire,BON,2019.0,,,,,,,,,,
Bonaire,BON,2020.0,,,,,,,,,,
Bonaire,BON,2021.0,,,,,,,,,,
Bosnia and Herzegovina,BIH,2017.0,3440027,0.2,0.1,0,4.6,2.3,0,0.087,0.386,0.487
Bosnia and Herzegovina,BIH,2018.0,3400129,0.1,,,4,,,,,
Bosnia and Herzegovina,BIH,2019.0,3360711,0.1,,,3.8,,,,,
Bosnia and Herzegovina,BIH,2020.0,3318407,0.1,,,3.7,,,,,
Bosnia and Herzegovina,BIH,2021.0,3270943,0.1,,,3,,,,,
Botswana,BWA,2017.0,2401840,1.5,1.1,0,63.2,44.3,1.3,0.038,0.17,0.274
Botswana,BWA,2018.0,2451409,1.5,,,60.8,,,,,
Botswana,BWA,2019.0,2499702,1.5,,,59.8,,,,,
Botswana,BWA,2020.0,2546402,1.6,,,63.4,,,,,
Botswana,BWA,2021.0,2588423,1.6,,,60.2,,,,,
Brazil,BRA,2017.0,208504960,41,37.8,7.3,19.6,18.1,3.5,0.191,0.599,0.634
Brazil,BRA,2018.0,210166592,38.9,,,18.5,,,,,
Brazil,BRA,2019.0,211782878,39.9,,,18.8,,,,,
Brazil,BRA,2020.0,213196304,27.1,,,12.7,,,,,
Brazil,BRA,2021.0,214326223,48.1,,,22.4,,,,,
British Virgin Islands,VGB,2017.0,30060,,,,,,,0.173,0.338,0.358
British Virgin Islands,VGB,2018.0,30335,,,,,,,,,
British Virgin Islands,VGB,2019.0,30610,,,,,,,,,
British Virgin Islands,VGB,2020.0,30910,,,,,,,,,
British Virgin Islands,VGB,2021.0,31122,,,,,,,,,
Brunei Darussalam,BRN,2017.0,430276,,,,,,,0.143,0.445,0.772
Brunei Darussalam,BRN,2018.0,434274,,,,,,,,,
Brunei Darussalam,BRN,2019.0,438048,,,,,,,,,
Brunei Darussalam,BRN,2020.0,441725,,,,,,,,,
Brunei Darussalam,BRN,2021.0,445373,,,,,,,,,
Bulgaria,BGR,2017.0,7075947,0.8,0.4,0,10.6,6.3,0.3,0.077,0.422,0.576
Bulgaria,BGR,2018.0,7025037,0.6,,,8.6,,,,,
Bulgaria,BGR,2019.0,6975761,0.6,,,8.1,,,,,
Bulgaria,BGR,2020.0,6934015,0.4,,,5.8,,,,,
Bulgaria,BGR,2021.0,6877743,0.3,,,4.2,,,,,
Burkina Faso,BFA,2017.0,19835858,17.3,15.9,0.9,87.1,80.3,4.6,0.361,1.598,1.997
Burkina Faso,BFA,2018.0,20392723,17.4,,,85.5,,,,,
Burkina Faso,BFA,2019.0,20951639,17.4,,,82.9,,,,,
Burkina Faso,BFA,2020.0,21522626,17.9,,,83.2,,,,,
Burkina Faso,BFA,2021.0,22100683,18.4,,,83.4,,,,,
Burundi,BDI,2017.0,11155593,10.7,9.4,4.6,95.8,84.1,41.5,0.808,1.814,3.412
Burundi,BDI,2018.0,11493472,10.9,,,95,,,,,
Burundi,BDI,2019.0,11874838,11.3,,,95,,,,,
Burundi,BDI,2020.0,12220227,11.7,,,95.7,,,,,
Burundi,BDI,2021.0,12551213,12,,,95.9,,,,,
Cabo Verde,CPV,2017.0,564954,0.2,0.2,0,44.1,29.6,0.3,0.139,0.565,0.753
Cabo Verde,CPV,2018.0,571202,0.2,,,42.4,,,,,
Cabo Verde,CPV,2019.0,577030,0.2,,,38.9,,,,,
Cabo Verde,CPV,2020.0,582640,0.3,,,43.2,,,,,
Cabo Verde,CPV,2021.0,587925,0.2,,,40.4,,,,,
Cambodia,KHM,2017.0,15830689,,,,,,,0.256,0.712,0.933
Cambodia,KHM,2018.0,16025238,,,,,,,,,
Cambodia,KHM,2019.0,16207746,,,,,,,,,
Cambodia,KHM,2020.0,16396860,,,,,,,,,
Cambodia,KHM,2021.0,16589023,,,,,,,,,
Cameroon,CMR,2017.0,24393181,14.4,11.9,3.8,59.2,48.6,15.7,0.385,0.89,1.128
Cameroon,CMR,2018.0,25076747,14.7,,,58.8,,,,,
Cameroon,CMR,2019.0,25782341,15.1,,,58.7,,,,,
Cameroon,CMR,2020.0,26491087,15.8,,,59.8,,,,,
Cameroon,CMR,2021.0,27198628,16.5,,,60.5,,,,,
Canada,CAN,2017.0,36545236,0.3,0.2,0,0.7,0.5,0,0.106,0.333,0.451
Canada,CAN,2018.0,37065084,0.3,,,0.7,,,,,
Canada,CAN,2019.0,37601230,0.3,,,0.7,,,,,
Canada,CAN,2020.0,38007166,0.3,,,0.7,,,,,
Canada,CAN,2021.0,38226498,0.3,,,0.7,,,,,
Cayman Islands,CYM,2017.0,63581,,,,,,,0.175,0.358,0.469
Cayman Islands,CYM,2018.0,64884,,,,,,,,,
Cayman Islands,CYM,2019.0,66134,,,,,,,,,
Cayman Islands,CYM,2020.0,67311,,,,,,,,,
Cayman Islands,CYM,2021.0,68136,,,,,,,,,
Central African Republic,CAF,2017.0,4996741,4.8,4.2,3.2,95.7,83.3,64.1,0.823,1.376,2.761
Central African Republic,CAF,2018.0,5094780,4.9,,,95.4,,,,,
Central African Republic,CAF,2019.0,5209324,5,,,95.4,,,,,
Central African Republic,CAF,2020.0,5343020,5.1,,,95.6,,,,,
Central African Republic,CAF,2021.0,5457154,5.2,,,95.8,,,,,
Chad,TCD,2017.0,15085884,12.5,9.1,1.7,82.6,60.6,11.3,0.365,0.907,1.458
Chad,TCD,2018.0,15604210,12.6,,,80.9,,,,,
Chad,TCD,2019.0,16126866,12.8,,,79.4,,,,,
Chad,TCD,2020.0,16644701,13.7,,,82.4,,,,,
Chad,TCD,2021.0,17179740,14.3,,,83.1,,,,,
Chile,CHL,2017.0,18368577,0.8,0.3,0,4.6,1.6,0.2,0.104,0.35,0.491
Chile,CHL,2018.0,18701450,0.8,,,4.5,,,,,
Chile,CHL,2019.0,19039485,0.9,,,4.7,,,,,
Chile,CHL,2020.0,19300315,1.1,,,5.9,,,,,
Chile,CHL,2021.0,19493184,0.7,,,3.5,,,,,
China,CHN,2017.0,1396215000,232.4,135.5,2.9,16.6,9.7,0.2,0.308,0.767,0.935
China,CHN,2018.0,1402760000,190.8,,,13.6,,,,,
China,CHN,2019.0,1407745000,171.9,,,12.2,,,,,
China,CHN,2020.0,1411100000,189.2,,,13.4,,,,,
China,CHN,2021.0,1412360000,128.5,,,9.1,,,,,
Colombia,COL,2017.0,48351671,12,9.8,1.7,24.8,20.3,3.5,0.223,0.569,0.645
Colombia,COL,2018.0,49276961,12,,,24.3,,,,,
Colombia,COL,2019.0,50187406,12.7,,,25.4,,,,,
Colombia,COL,2020.0,50930662,17.2,,,33.7,,,,,
Colombia,COL,2021.0,51516562,16.1,,,31.3,,,,,
Comoros,COM,2017.0,761664,,,,,,,0.297,0.934,
Comoros,COM,2018.0,,,,,,,,,,
Comoros,COM,2019.0,,,,,,,,,,
Comoros,COM,2020.0,,,,,,,,,,
Comoros,COM,2021.0,,,,,,,,,,
"Congo, Dem. Rep.",COD,2017.0,84283273,79.4,73.3,23.6,94.2,87,28,0.36,1.318,1.878
"Congo, Dem. Rep.",COD,2018.0,87087355,79.3,,,91.1,,,,,
"Congo, Dem. Rep.",COD,2019.0,89906890,80,,,89,,,,,
"Congo, Dem. Rep.",COD,2020.0,92853164,81,,,87.2,,,,,
"Congo, Dem. Rep.",COD,2021.0,95894118,82,,,85.5,,,,,
"Congo, Rep.",COG,2017.0,5312340,4.7,4.3,2.1,88.6,80.8,39.9,0.449,1.171,1.52
"Congo, Rep.",COG,2018.0,5441062,4.9,,,90,,,,,
"Congo, Rep.",COG,2019.0,5570733,5,,,90,,,,,
"Congo, Rep.",COG,2020.0,5702174,5.2,,,90.8,,,,,
"Congo, Rep.",COG,2021.0,5835806,5.3,,,91.5,,,,,
Costa Rica,CRI,2017.0,4993842,0.8,0.4,0,16,7.8,0.7,0.158,0.458,0.642
Costa Rica,CRI,2018.0,5040734,0.8,,,16.3,,,,,
Costa Rica,CRI,2019.0,5084532,0.8,,,16.3,,,,,
Costa Rica,CRI,2020.0,5123105,1.1,,,21,,,,,
Costa Rica,CRI,2021.0,5153957,0.7,,,14.4,,,,,
Côte d'Ivoire,CIV,2017.0,24848016,19,9.4,1.9,76.6,37.7,7.7,0.258,0.513,1.038
Côte d'Ivoire,CIV,2018.0,25493988,18.9,,,74,,,,,
Côte d'Ivoire,CIV,2019.0,26147551,18.8,,,71.9,,,,,
Côte d'Ivoire,CIV,2020.0,26811790,19.5,,,72.8,,,,,
Côte d'Ivoire,CIV,2021.0,27478249,20.1,,,73,,,,,
Croatia,HRV,2017.0,4124531,0.3,0.1,0,6.1,3.3,0.3,0.077,0.371,0.481
Croatia,HRV,2018.0,4087843,0.2,,,4.1,,,,,
Croatia,HRV,2019.0,4065253,0.1,,,3.4,,,,,
Croatia,HRV,2020.0,4047680,0.1,,,3.3,,,,,
Croatia,HRV,2021.0,3879000,0.1,,,1.8,,,,,
Curacao,CUW,2017.0,160175,,,,,,,0.218,0.459,0.549
Curacao,CUW,2018.0,159336,,,,,,,,,
Curacao,CUW,2019.0,157441,,,,,,,,,
Curacao,CUW,2020.0,154947,,,,,,,,,
Curacao,CUW,2021.0,152369,,,,,,,,,
Cyprus,CYP,2017.0,1208523,0,0,0,0.1,0.1,0,0.095,0.34,0.468
Cyprus,CYP,2018.0,1218831,0,,,0.1,,,,,
Cyprus,CYP,2019.0,1228836,0,,,0.3,,,,,
Cyprus,CYP,2020.0,1237537,0,,,0.1,,,,,
Cyprus,CYP,2021.0,1244188,0,,,0,,,,,
Czech Republic,CZE,2017.0,10594438,0,0,0,0.2,0.1,0,0.058,0.313,0.384
Czech Republic,CZE,2018.0,10629928,0,,,0.1,,,,,
Czech Republic,CZE,2019.0,10671870,0,,,0.2,,,,,
Czech Republic,CZE,2020.0,10697858,0,,,0.1,,,,,
Czech Republic,CZE,2021.0,10505772,0,,,0.1,,,,,
Denmark,DNK,2017.0,5764980,0,0,0,0.2,0.2,0.1,0.044,0.253,0.348
Denmark,DNK,2018.0,5793636,0,,,0.2,,,,,
Denmark,DNK,2019.0,5814422,0,,,0.4,,,,,
Denmark,DNK,2020.0,5831404,0,,,0.3,,,,,
Denmark,DNK,2021.0,5856733,0,,,0.2,,,,,
Djibouti,DJI,2017.0,1040233,0.7,0.6,0.1,65.8,59,5.6,0.257,1.026,1.167
Djibouti,DJI,2018.0,1057198,0.7,,,66.4,,,,,
Djibouti,DJI,2019.0,1073994,0.7,,,65.2,,,,,
Djibouti,DJI,2020.0,1090156,0.7,,,66.7,,,,,
Djibouti,DJI,2021.0,1105557,0.7,,,65.3,,,,,
Dominica,DMA,2017.0,70403,,,,,,,0.265,0.756,0.87
Dominica,DMA,2018.0,70823,,,,,,,,,
Dominica,DMA,2019.0,71428,,,,,,,,,
Dominica,DMA,2020.0,71995,,,,,,,,,
Dominica,DMA,2021.0,72412,,,,,,,,,
Dominican Republic,DOM,2017.0,10647244,2.6,1.7,0.1,24.9,15.8,1.3,0.152,0.371,0.455
Dominican Republic,DOM,2018.0,10765531,2.3,,,21.7,,,,,
Dominican Republic,DOM,2019.0,10881882,2.2,,,20.6,,,,,
Dominican Republic,DOM,2020.0,10999664,2.7,,,25,,,,,
Dominican Republic,DOM,2021.0,11117873,2.9,,,25.8,,,,,
East Asia & Pacific,EAS,2017.0,2288221317,588.1,369.3,24.5,26.1,16.4,1.1,0.174,0.488,0.685
East Asia & Pacific,EAS,2018.0,2278505178,540.5,,,24.1,,,,,
East Asia & Pacific,EAS,2019.0,2290574843,513.3,,,22.8,,,,,
East Asia & Pacific,EAS,2020.0,2300278763,547.1,,,24.2,,,,,
East Asia & Pacific,EAS,2021.0,2306259068,493.3,,,21.7,,,,,
Ecuador,ECU,2017.0,16696944,2.9,2.5,0.7,17.6,14.8,4.4,0.314,0.586,0.65
Ecuador,ECU,2018.0,17015672,3.1,,,18.3,,,,,
Ecuador,ECU,2019.0,17343740,3.4,,,19.8,,,,,
Ecuador,ECU,2020.0,17588595,4.4,,,25.1,,,,,
Ecuador,ECU,2021.0,17797737,3.5,,,19.7,,,,,
"Egypt, Arab Rep.",EGY,2017.0,101789386,68.7,34.3,1,67.5,33.7,1,0.082,0.189,0.286
"Egypt, Arab Rep.",EGY,2018.0,103740765,72.7,,,70,,,,,
"Egypt, Arab Rep.",EGY,2019.0,105618671,70.6,,,66.8,,,,,
"Egypt, Arab Rep.",EGY,2020.0,107465134,67.6,,,62.9,,,,,
"Egypt, Arab Rep.",EGY,2021.0,109262178,66,,,60.4,,,,,
El Salvador,SLV,2017.0,6266654,,,,,,,0.271,1.089,
El Salvador,SLV,2018.0,,,,,,,,,,
El Salvador,SLV,2019.0,,,,,,,,,,
El Salvador,SLV,2020.0,,,,,,,,,,
El Salvador,SLV,2021.0,,,,,,,,,,
Equatorial Guinea,GNQ,2017.0,1450694,,,,,,,0.08,0.193,0.365
Equatorial Guinea,GNQ,2018.0,1502091,,,,,,,,,
Equatorial Guinea,GNQ,2019.0,1553031,,,,,,,,,
Equatorial Guinea,GNQ,2020.0,1596049,,,,,,,,,
Equatorial Guinea,GNQ,2021.0,1634466,,,,,,,,,
Estonia,EST,2017.0,1317384,0,0,0,1,0.8,0.2,0.05,0.304,0.372
Estonia,EST,2018.0,1321977,0,,,0.8,,,,,
Estonia,EST,2019.0,1326898,0,,,1.3,,,,,
Estonia,EST,2020.0,1329522,0,,,1.1,,,,,
Estonia,EST,2021.0,1330932,0,,,0.8,,,,,
Eswatini,SWZ,2017.0,1151390,0.9,0.7,0.3,77.1,64.4,26.6,0.153,0.368,0.562
Eswatini,SWZ,2018.0,1160428,0.9,,,75.8,,,,,
Eswatini,SWZ,2019.0,1169613,0.9,,,75,,,,,
Eswatini,SWZ,2020.0,1180655,0.9,,,75.3,,,,,
Eswatini,SWZ,2021.0,1192271,0.9,,,73.8,,,,,
Ethiopia,ETH,2017.0,108197950,92.9,67.8,8.4,85.8,62.7,7.7,0.508,1.411,2.188
Ethiopia,ETH,2018.0,111129438,93.4,,,84.1,,,,,
Ethiopia,ETH,2019.0,114120594,95.2,,,83.4,,,,,
Ethiopia,ETH,2020.0,117190911,97.6,,,83.3,,,,,
Ethiopia,ETH,2021.0,120283026,100.9,,,83.9,,,,,
Europe & Central Asia,ECS,2017.0,826577667,31.5,16.6,2,3.8,2,0.2,0.078,0.309,0.406
Europe & Central Asia,ECS,2018.0,829040196,27.2,,,3.3,,,,,
Europe & Central Asia,ECS,2019.0,830965742,28.4,,,3.4,,,,,
Europe & Central Asia,ECS,2020.0,832392692,28.4,,,3.4,,,,,
Europe & Central Asia,ECS,2021.0,832287097,26.6,,,3.2,,,,,
Fiji,FJI,2017.0,919019,0.4,0.2,0,44.9,21.3,0.2,0.11,0.331,0.468
Fiji,FJI,2018.0,918996,0.4,,,45.8,,,,,
Fiji,FJI,2019.0,918465,0.5,,,52.9,,,,,
Fiji,FJI,2020.0,920422,0.6,,,66.8,,,,,
Fiji,FJI,2021.0,924610,0.7,,,73.1,,,,,
Finland,FIN,2017.0,5508214,0,0,0,0.1,0.1,0.1,0.039,0.347,0.358
Finland,FIN,2018.0,5515525,0,,,0.2,,,,,
Finland,FIN,2019.0,5521606,0,,,0.1,,,,,
Finland,FIN,2020.0,5529543,0,,,0.1,,,,,
Finland,FIN,2021.0,5541017,0,,,0,,,,,
France,FRA,2017.0,66918020,0,0,0,0.1,0,0,0.04,0.238,0.373
France,FRA,2018.0,67158348,0.1,,,0.1,,,,,
France,FRA,2019.0,67388001,0.2,,,0.3,,,,,
France,FRA,2020.0,67571107,0.2,,,0.3,,,,,
France,FRA,2021.0,67749632,0.1,,,0.2,,,,,
Gabon,GAB,2017.0,2140215,0.6,0.3,0,28.5,16.3,1.3,0.22,0.592,0.773
Gabon,GAB,2018.0,2192012,0.6,,,28.6,,,,,
Gabon,GAB,2019.0,2242785,0.6,,,28.4,,,,,
Gabon,GAB,2020.0,2292573,0.7,,,30.3,,,,,
Gabon,GAB,2021.0,2341179,0.7,,,30.3,,,,,
"Gambia, The",GMB,2017.0,2381182,1.7,1.5,0.3,72.6,63.9,10.6,0.39,1.003,1.167
"Gambia, The",GMB,2018.0,2444916,1.7,,,70.8,,,,,
"Gambia, The",GMB,2019.0,2508883,1.7,,,69.6,,,,,
"Gambia, The",GMB,2020.0,2573995,1.8,,,71.8,,,,,
"Gambia, The",GMB,2021.0,2639916,1.9,,,72.2,,,,,
Germany,DEU,2017.0,82657002,0.6,0.6,0.2,0.7,0.7,0.2,0.036,0.307,0.384
Germany,DEU,2018.0,82905782,0.2,,,0.2,,,,,
Germany,DEU,2019.0,83092962,0.2,,,0.2,,,,,
Germany,DEU,2020.0,83160871,0.2,,,0.2,,,,,
Germany,DEU,2021.0,83196078,0.2,,,0.2,,,,,
Ghana,GHA,2017.0,30222262,24.2,19,4.5,80,62.9,14.9,0.501,1.528,2.288
Ghana,GHA,2018.0,30870641,24.3,,,78.6,,,,,
Ghana,GHA,2019.0,31522290,24.3,,,77,,,,,
Ghana,GHA,2020.0,32180401,25.1,,,78.1,,,,,
Ghana,GHA,2021.0,32833031,25.4,,,77.3,,,,,
Greece,GRC,2017.0,10754679,0.4,0.3,0.1,3.8,2.5,0.5,0.076,0.291,0.345
Greece,GRC,2018.0,10732882,0.2,,,2.1,,,,,
Greece,GRC,2019.0,10721582,0.3,,,2.9,,,,,
Greece,GRC,2020.0,10698599,0.3,,,2.7,,,,,
Greece,GRC,2021.0,10641221,0.2,,,2.2,,,,,
Grenada,GRD,2017.0,120921,,,,,,,0.165,0.469,0.67
Grenada,GRD,2018.0,121838,,,,,,,,,
Grenada,GRD,2019.0,122724,,,,,,,,,
Grenada,GRD,2020.0,123663,,,,,,,,,
Grenada,GRD,2021.0,124610,,,,,,,,,
Guinea,GIN,2017.0,12240789,10.8,7.5,1.1,88.5,61.6,8.6,0.246,0.603,0.995
Guinea,GIN,2018.0,12554864,11.2,,,89,,,,,
Guinea,GIN,2019.0,12877539,11.4,,,88.8,,,,,
Guinea,GIN,2020.0,13205153,11.7,,,88.5,,,,,
Guinea,GIN,2021.0,13531906,12,,,88.9,,,,,
Guinea-Bissau,GNB,2017.0,1879826,1.6,1.1,0.3,84.4,59.7,18.3,0.261,0.524,0.893
Guinea-Bissau,GNB,2018.0,1924955,1.6,,,84.9,,,,,
Guinea-Bissau,GNB,2019.0,1970457,1.6,,,82.9,,,,,
Guinea-Bissau,GNB,2020.0,2015828,1.7,,,83.9,,,,,
Guinea-Bissau,GNB,2021.0,2060721,1.7,,,84.6,,,,,
Guyana,GUY,2017.0,763252,0.3,0.2,0,45,31.7,4.4,0.185,0.918,1.179
Guyana,GUY,2018.0,785514,0.3,,,44.5,,,,,
Guyana,GUY,2019.0,798753,0.3,,,42,,,,,
Guyana,GUY,2020.0,797202,0.2,,,24.9,,,,,
Guyana,GUY,2021.0,804567,0.1,,,18.5,,,,,
Haiti,HTI,2017.0,10863543,9.2,8,2.6,84.7,73.8,23.5,0.411,1.1,1.476
Haiti,HTI,2018.0,11012421,9.3,,,84.7,,,,,
Haiti,HTI,2019.0,11160438,9.7,,,86.9,,,,,
Haiti,HTI,2020.0,11306801,10.1,,,88.9,,,,,
Haiti,HTI,2021.0,11447569,10.2,,,89.5,,,,,
High income,HIC,2017.0,1219259590,21.5,14,7.3,1.9,1.2,0.6,0.106,0.351,0.455
High income,HIC,2018.0,1201464351,18.7,,,1.6,,,,,
High income,HIC,2019.0,1206619363,17,,,1.5,,,,,
High income,HIC,2020.0,1211532185,17.5,,,1.5,,,,,
High income,HIC,2021.0,1211165218,15.7,,,1.4,,,,,
Honduras,HND,2017.0,9626842,4.7,4.8,1.4,48.5,49.9,14.3,0.326,0.988,0.956
Honduras,HND,2018.0,9792850,4.7,,,48,,,,,
Honduras,HND,2019.0,9958829,4.6,,,46.5,,,,,
Honduras,HND,2020.0,10121763,5,,,49.7,,,,,
Honduras,HND,2021.0,10278345,4.6,,,44.8,,,,,
"Hong Kong SAR, China",HKG,2017.0,7393200,,,,,,,0.08,0.203,0.321
"Hong Kong SAR, China",HKG,2018.0,7452600,,,,,,,,,
"Hong Kong SAR, China",HKG,2019.0,7507900,,,,,,,,,
"Hong Kong SAR, China",HKG,2020.0,7481000,,,,,,,,,
"Hong Kong SAR, China",HKG,2021.0,7413100,,,,,,,,,
Hungary,HUN,2017.0,9787966,0.4,0.2,0,3.7,1.9,0.3,0.065,0.336,0.491
Hungary,HUN,2018.0,9775564,0.2,,,2.4,,,,,
Hungary,HUN,2019.0,9771141,0.2,,,2.2,,,,,
Hungary,HUN,2020.0,9750149,0.2,,,2,,,,,
Hungary,HUN,2021.0,9709891,0.1,,,1.5,,,,,
Iceland,ISL,2017.0,343400,0,0,0,0,0,0,0.042,0.271,0.247
Iceland,ISL,2018.0,352721,0,,,0,,,,,
Iceland,ISL,2019.0,360563,0,,,0,,,,,
Iceland,ISL,2020.0,366463,0,,,0,,,,,
Iceland,ISL,2021.0,372520,0,,,0,,,,,
India,IND,2017.0,1354195680,1066.8,866.2,43.4,78.8,64,3.2,0.274,0.737,0.979
India,IND,2018.0,1369003306,1001.9,,,73.2,,,,,
India,IND,2019.0,1383112050,969.7,,,70.1,,,,,
India,IND,2020.0,1396387127,1037.9,,,74.3,,,,,
India,IND,2021.0,1407563842,1013.2,,,72,,,,,
Indonesia,IDN,2017.0,264498852,192.5,130.8,11.4,72.8,7,4.3,0.209,0.545,0.844
Indonesia,IDN,2018.0,267066843,189.6,,,71,,,,,
Indonesia,IDN,2019.0,269582878,187.4,,,69.5,,,,,
Indonesia,IDN,2020.0,271857970,190.9,,,70.2,,,,,
Indonesia,IDN,2021.0,273753191,193.8,,,70.8,,,,,
"Iran, Islamic Rep.",IRN,2017.0,84505076,11.8,4,0.1,13.9,4.7,0.2,0.218,0.503,0.753
"Iran, Islamic Rep.",IRN,2018.0,85617562,14,,,16.4,,,,,
"Iran, Islamic Rep.",IRN,2019.0,86564202,21.7,,,25,,,,,
"Iran, Islamic Rep.",IRN,2020.0,87290193,21.7,,,24.9,,,,,
"Iran, Islamic Rep.",IRN,2021.0,87923432,25.3,,,28.8,,,,,
Iraq,IRQ,2017.0,39621162,6.7,2.3,0,16.8,5.8,0.1,0.25,0.538,0.726
Iraq,IRQ,2018.0,40590700,6.8,,,16.8,,,,,
Iraq,IRQ,2019.0,41563520,6.4,,,15.5,,,,,
Iraq,IRQ,2020.0,42556984,8.2,,,19.2,,,,,
Iraq,IRQ,2021.0,43533592,8.2,,,18.8,,,,,
Ireland,IRL,2017.0,4807388,0,0,0,0.4,0.3,0.2,0.116,0.415,0.491
Ireland,IRL,2018.0,4867316,0,,,0.1,,,,,
Ireland,IRL,2019.0,4934340,0,,,0.1,,,,,
Ireland,IRL,2020.0,4985382,0,,,0.2,,,,,
Ireland,IRL,2021.0,5033165,0,,,0.1,,,,,
Israel,ISR,2017.0,8713300,0.2,0.1,0,1.9,1.2,0.2,0.062,0.233,0.299
Israel,ISR,2018.0,8882800,0.1,,,1.2,,,,,
Israel,ISR,2019.0,9054000,0.1,,,1.2,,,,,
Israel,ISR,2020.0,9215100,0.1,,,1.2,,,,,
Israel,ISR,2021.0,9364700,0.1,,,1.2,,,,,
Italy,ITA,2017.0,60536709,1.7,1.3,0.6,2.8,2.1,1,0.035,0.251,0.325
Italy,ITA,2018.0,60421760,1.7,,,2.8,,,,,
Italy,ITA,2019.0,59729081,1.2,,,2.1,,,,,
Italy,ITA,2020.0,59438851,1.1,,,1.8,,,,,
Italy,ITA,2021.0,59109668,0.9,,,1.5,,,,,
Jamaica,JAM,2017.0,2808376,1.6,1,0,57.9,36.6,0.9,0.156,0.623,0.917
Jamaica,JAM,2018.0,2811835,1.6,,,57.1,,,,,
Jamaica,JAM,2019.0,2813773,1.6,,,57.9,,,,,
Jamaica,JAM,2020.0,2820436,1.8,,,63.9,,,,,
Jamaica,JAM,2021.0,2827695,1.8,,,62.6,,,,,
Japan,JPN,2017.0,126972000,3.4,1.8,1.5,2.7,1.4,1.2,0.343,0.412,0.64
Japan,JPN,2018.0,126811000,3.4,,,2.7,,,,,
Japan,JPN,2019.0,126633000,3.1,,,2.5,,,,,
Japan,JPN,2020.0,126261000,3.4,,,2.7,,,,,
Japan,JPN,2021.0,125681593,3,,,2.4,,,,,
Jordan,JOR,2017.0,10215381,1.6,0.1,0,15.2,0.6,0,0.138,0.345,0.732
Jordan,JOR,2018.0,10459865,1.6,,,14.9,,,,,
Jordan,JOR,2019.0,10698683,1.6,,,14.9,,,,,
Jordan,JOR,2020.0,10928721,1.8,,,16.7,,,,,
Jordan,JOR,2021.0,11148278,1.8,,,16,,,,,
Kazakhstan,KAZ,2017.0,18037776,0.5,0.1,0,2.5,0.5,0,0.077,0.207,0.283
Kazakhstan,KAZ,2018.0,18276452,0.3,,,1.7,,,,,
Kazakhstan,KAZ,2019.0,18513673,0.3,,,1.6,,,,,
Kazakhstan,KAZ,2020.0,18755666,0.5,,,2.6,,,,,
Kazakhstan,KAZ,2021.0,19000988,0.5,,,2.6,,,,,
Kenya,KEN,2017.0,48948137,39.3,29.8,6.3,80.2,60.8,12.9,0.213,0.514,0.79
Kenya,KEN,2018.0,49953304,40,,,80,,,,,
Kenya,KEN,2019.0,50951450,41.7,,,81.9,,,,,
Kenya,KEN,2020.0,51985780,44.3,,,85.2,,,,,
Kenya,KEN,2021.0,53005614,45.8,,,86.5,,,,,
"Korea, Rep.",KOR,2017.0,51361911,1.2,0.8,0,2.2,1.5,0,0.129,0.817,0.908
"Korea, Rep.",KOR,2018.0,51585058,1,,,2,,,,,
"Korea, Rep.",KOR,2019.0,51764822,0.9,,,1.7,,,,,
"Korea, Rep.",KOR,2020.0,51836239,1.2,,,2.2,,,,,
"Korea, Rep.",KOR,2021.0,51744876,1,,,2,,,,,
Kuwait,KWT,2017.0,4124904,,,,,,,0.054,0.282,0.526
Kuwait,KWT,2018.0,4317185,,,,,,,,,
Kuwait,KWT,2019.0,4441100,,,,,,,,,
Kuwait,KWT,2020.0,4360444,,,,,,,,,
Kuwait,KWT,2021.0,4250114,,,,,,,,,
Kyrgyz Republic,KGZ,2017.0,6198200,3.5,2.4,0,56.4,38.9,0.7,0.22,0.56,0.676
Kyrgyz Republic,KGZ,2018.0,6322800,3,,,47.2,,,,,
Kyrgyz Republic,KGZ,2019.0,6456200,2.9,,,45,,,,,
Kyrgyz Republic,KGZ,2020.0,6579900,3.6,,,55.3,,,,,
Kyrgyz Republic,KGZ,2021.0,6691800,3.8,,,56.9,,,,,
Lao PDR,LAO,2017.0,6997917,5.3,4.3,0.1,75.3,61.1,0.8,0.171,0.687,0.894
Lao PDR,LAO,2018.0,7105006,5.2,,,73.6,,,,,
Lao PDR,LAO,2019.0,7212053,5.2,,,72.7,,,,,
Lao PDR,LAO,2020.0,7319399,5.5,,,74.9,,,,,
Lao PDR,LAO,2021.0,7425057,5.5,,,74.1,,,,,
Latin America & Caribbean,LCN,2017.0,572342871,124.4,100.9,17.2,22,17.9,3,0.225,0.617,0.721
Latin America & Caribbean,LCN,2018.0,572237142,119.3,,,20.9,,,,,
Latin America & Caribbean,LCN,2019.0,578509517,119.7,,,20.7,,,,,
Latin America & Caribbean,LCN,2020.0,583891678,121.9,,,20.9,,,,,
Latin America & Caribbean,LCN,2021.0,588418945,132.9,,,22.6,,,,,
Latvia,LVA,2017.0,1942248,0.1,0,0,3.4,1.7,0.2,0.06,0.278,0.428
Latvia,LVA,2018.0,1927174,0,,,2.4,,,,,
Latvia,LVA,2019.0,1913822,0,,,1.9,,,,,
Latvia,LVA,2020.0,1900449,0,,,1.9,,,,,
Latvia,LVA,2021.0,1884490,0,,,1.5,,,,,
Lesotho,LSO,2017.0,2170617,1.8,1.4,0.2,83.1,63.1,10.7,0.236,0.895,1.463
Lesotho,LSO,2018.0,2198017,1.8,,,83.7,,,,,
Lesotho,LSO,2019.0,2225702,1.9,,,84.8,,,,,
Lesotho,LSO,2020.0,2254100,2,,,87.8,,,,,
Lesotho,LSO,2021.0,2281454,2,,,88.8,,,,,
Liberia,LBR,2017.0,4796631,4.4,4,1,91.8,82.7,20.2,1.274,3.913,5.272
Liberia,LBR,2018.0,4889391,4.5,,,91.6,,,,,
Liberia,LBR,2019.0,4985289,4.6,,,91.4,,,,,
Liberia,LBR,2020.0,5087584,4.7,,,91.6,,,,,
Liberia,LBR,2021.0,5193416,4.8,,,92.8,,,,,
Lithuania,LTU,2017.0,2828403,0.1,0,0,3.3,1.6,0.8,0.044,0.173,0.263
Lithuania,LTU,2018.0,2801543,0.1,,,2.3,,,,,
Lithuania,LTU,2019.0,2794137,0,,,1.2,,,,,
Lithuania,LTU,2020.0,2794885,0,,,1.1,,,,,
Lithuania,LTU,2021.0,2800839,0,,,0.7,,,,,
Low income,LIC,2017.0,504388820,442.3,365.3,103.2,89.1,73.6,20.8,0.548,1.344,2.022
Low income,LIC,2018.0,511509198,449.6,,,87.9,,,,,
Low income,LIC,2019.0,526672708,459,,,87.2,,,,,
Low income,LIC,2020.0,542148509,472.9,,,87.2,,,,,
Low income,LIC,2021.0,557798699,482.1,,,86.4,,,,,
Lower middle income,LMC,2017.0,3130579322,2252.3,1644.7,211.5,72.5,52.9,6.8,0.248,0.672,0.937
Lower middle income,LMC,2018.0,3167642141,2195.4,,,69.7,,,,,
Lower middle income,LMC,2019.0,3210833968,2176.6,,,68.1,,,,,
Lower middle income,LMC,2020.0,3253486207,2289,,,70.7,,,,,
Lower middle income,LMC,2021.0,3293993013,2281.7,,,69.6,,,,,
Luxembourg,LUX,2017.0,596336,0,0,0,0.4,0.4,0.1,0.04,0.244,0.298
Luxembourg,LUX,2018.0,607950,0,,,0.4,,,,,
Luxembourg,LUX,2019.0,620001,0,,,0.1,,,,,
Luxembourg,LUX,2020.0,630419,0,,,0,,,,,
Luxembourg,LUX,2021.0,640064,0,,,0,,,,,
Madagascar,MDG,2017.0,26169542,25.4,25.1,20.5,97.1,96,78.3,0.588,1.41,1.627
Madagascar,MDG,2018.0,26846541,26.1,,,97.3,,,,,
Madagascar,MDG,2019.0,27533134,26.7,,,97.1,,,,,
Madagascar,MDG,2020.0,28225177,27.6,,,97.8,,,,,
Madagascar,MDG,2021.0,28915653,28.3,,,97.8,,,,,
Malawi,MWI,2017.0,17881167,16.9,14.9,0.4,94.5,83.2,2.4,0.219,1.243,2.095
Malawi,MWI,2018.0,18367883,17.4,,,94.9,,,,,
Malawi,MWI,2019.0,18867337,18,,,95.4,,,,,
Malawi,MWI,2020.0,19377061,18.5,,,95.7,,,,,
Malawi,MWI,2021.0,19889742,19.1,,,95.9,,,,,
Malaysia,MYS,2017.0,31975806,1,0.3,0,3,0.9,0,0.104,0.274,0.371
Malaysia,MYS,2018.0,32399271,0.8,,,2.5,,,,,
Malaysia,MYS,2019.0,32804020,0.7,,,2.1,,,,,
Malaysia,MYS,2020.0,33199993,0.9,,,2.8,,,,,
Malaysia,MYS,2021.0,33573874,0.8,,,2.5,,,,,
Maldives,MDV,2017.0,472442,0,0,0,3.4,0.6,0,0.145,0.919,1.225
Maldives,MDV,2018.0,489758,0,,,2,,,,,
Maldives,MDV,2019.0,504508,0,,,1.1,,,,,
Maldives,MDV,2020.0,514438,0,,,8.9,,,,,
Maldives,MDV,2021.0,521457,0,,,2.8,,,,,
Mali,MLI,2017.0,19311355,15,11.2,0.4,77.4,57.9,2,0.233,0.77,1.126
Mali,MLI,2018.0,19934298,15,,,75.1,,,,,
Mali,MLI,2019.0,20567424,14.4,,,70.1,,,,,
Mali,MLI,2020.0,21224040,15,,,70.8,,,,,
Mali,MLI,2021.0,21904983,15.6,,,71.4,,,,,
Malta,MLT,2017.0,467999,0,0,0,0.3,0.3,0.1,0.109,0.388,0.512
Malta,MLT,2018.0,484630,0,,,0.3,,,,,
Malta,MLT,2019.0,504062,0,,,0.7,,,,,
Malta,MLT,2020.0,515332,0,,,0.8,,,,,
Malta,MLT,2021.0,518536,0,,,0.8,,,,,
Mauritania,MRT,2017.0,4160015,2.6,2,0.1,61.7,48.3,2.7,0.263,0.845,1.036
Mauritania,MRT,2018.0,4270712,2.6,,,61.1,,,,,
Mauritania,MRT,2019.0,4383849,2.6,,,59.7,,,,,
Mauritania,MRT,2020.0,4498604,2.7,,,60.9,,,,,
Mauritania,MRT,2021.0,4614974,2.9,,,62.4,,,,,
Mauritius,MUS,2017.0,1264887,0.1,0.1,0,10.9,4.4,0,0.078,0.242,0.318
Mauritius,MUS,2018.0,1265577,0.1,,,9.5,,,,,
Mauritius,MUS,2019.0,1265985,0.1,,,8.6,,,,,
Mauritius,MUS,2020.0,1266014,0.2,,,15.1,,,,,
Mauritius,MUS,2021.0,1266334,0.2,,,14.5,,,,,
Mexico,MEX,2017.0,122839258,29.9,21.2,0.9,24.3,17.2,0.7,0.082,0.315,0.38
Mexico,MEX,2018.0,124013861,28.7,,,23.1,,,,,
Mexico,MEX,2019.0,125085311,27,,,21.6,,,,,
Mexico,MEX,2020.0,125998302,29.1,,,23.1,,,,,
Mexico,MEX,2021.0,126705138,25.5,,,20.2,,,,,
Middle East & North Africa,MEA,2017.0,395380211,113.5,47.2,1.3,32.6,13.5,0.4,0.137,0.379,0.575
Middle East & North Africa,MEA,2018.0,402520882,119,,,33.6,,,,,
Middle East & North Africa,MEA,2019.0,409205838,123.1,,,34.2,,,,,
Middle East & North Africa,MEA,2020.0,414593143,124.9,,,34.2,,,,,
Middle East & North Africa,MEA,2021.0,419534147,126.4,,,34.1,,,,,
Moldova,MDA,2017.0,2755189,0.1,0,0,3.5,0.3,0,0.116,0.243,0.355
Moldova,MDA,2018.0,2707203,0.1,,,2.8,,,,,
Moldova,MDA,2019.0,2664224,0.1,,,3.3,,,,,
Moldova,MDA,2020.0,2635130,0.2,,,7.2,,,,,
Moldova,MDA,2021.0,2615199,0.1,,,3.7,,,,,
Mongolia,MNG,2017.0,3096030,1.8,0.4,0,58.5,14.4,0.1,0.16,0.487,0.979
Mongolia,MNG,2018.0,3163991,1.7,,,55.2,,,,,
Mongolia,MNG,2019.0,3232430,1.8,,,55,,,,,
Mongolia,MNG,2020.0,3294335,1.9,,,57.1,,,,,
Mongolia,MNG,2021.0,3347782,2,,,61.1,,,,,
Montenegro,MNE,2017.0,622373,0.1,0.1,0,15.9,9.1,1.6,0.05,0.209,0.31
Montenegro,MNE,2018.0,622227,0.1,,,17.2,,,,,
Montenegro,MNE,2019.0,622028,0.1,,,17.4,,,,,
Montenegro,MNE,2020.0,621306,0.1,,,17.3,,,,,
Montenegro,MNE,2021.0,619211,0.1,,,13.7,,,,,
Montserrat,MSR,2017.0,,,,,,,,0.222,0.591,0.784
Montserrat,MSR,2018.0,,,,,,,,,,
Montserrat,MSR,2019.0,,,,,,,,,,
Montserrat,MSR,2020.0,,,,,,,,,,
Montserrat,MSR,2021.0,,,,,,,,,,
Morocco,MAR,2017.0,35528115,7.9,3,0,22.2,8.6,0.1,0.144,0.452,0.641
Morocco,MAR,2018.0,35927511,7.5,,,21,,,,,
Morocco,MAR,2019.0,36304408,7.1,,,19.7,,,,,
Morocco,MAR,2020.0,36688772,8.1,,,22.2,,,,,
Morocco,MAR,2021.0,37076584,7.2,,,19.5,,,,,
Mozambique,MOZ,2017.0,28569441,26.5,24.5,4.8,92.7,85.8,16.8,0.244,1.255,1.932
Mozambique,MOZ,2018.0,29423878,27.3,,,92.8,,,,,
Mozambique,MOZ,2019.0,30285595,28.3,,,93.6,,,,,
Mozambique,MOZ,2020.0,31178239,29.4,,,94.4,,,,,
Mozambique,MOZ,2021.0,32077072,30.4,,,94.8,,,,,
Myanmar,MMR,2017.0,52288341,37.1,22.3,0.4,71,42.7,0.7,0.254,0.726,1.034
Myanmar,MMR,2018.0,52666014,35.1,,,66.6,,,,,
Myanmar,MMR,2019.0,53040212,33.5,,,63.3,,,,,
Myanmar,MMR,2020.0,53423198,35,,,65.5,,,,,
Myanmar,MMR,2021.0,53798084,40,,,74.3,,,,,
Namibia,NAM,2017.0,2364534,1.3,0.8,0.3,55.4,33.6,13.9,0.304,0.553,0.979
Namibia,NAM,2018.0,2405680,1.3,,,55.2,,,,,
Namibia,NAM,2019.0,2446644,1.4,,,56.6,,,,,
Namibia,NAM,2020.0,2489098,1.5,,,59,,,,,
Namibia,NAM,2021.0,2530151,1.5,,,59.4,,,,,
Nepal,NPL,2017.0,28183426,22.6,14.4,0.7,80.4,51,2.6,0.253,0.657,1.057
Nepal,NPL,2018.0,28506712,22,,,77.2,,,,,
Nepal,NPL,2019.0,28832496,21.6,,,75,,,,,
Nepal,NPL,2020.0,29348627,21.8,,,74.2,,,,,
Nepal,NPL,2021.0,30034989,21.4,,,71.4,,,,,
Netherlands,NLD,2017.0,17131296,0.1,0,0,0.4,0.3,0,0.043,0.254,0.394
Netherlands,NLD,2018.0,17231624,0,,,0.3,,,,,
Netherlands,NLD,2019.0,17344874,0,,,0.2,,,,,
Netherlands,NLD,2020.0,17441500,0,,,0.2,,,,,
Netherlands,NLD,2021.0,17533044,0,,,0.1,,,,,
New Zealand,NZL,2017.0,4813600,,,,,,,0.058,0.265,0.319
New Zealand,NZL,2018.0,4900600,,,,,,,,,
New Zealand,NZL,2019.0,4979200,,,,,,,,,
New Zealand,NZL,2020.0,5090200,,,,,,,,,
New Zealand,NZL,2021.0,5111400,,,,,,,,,
Nicaragua,NIC,2017.0,6480532,2.1,1.4,0.4,32.3,21.2,5.7,0.421,0.729,0.935
Nicaragua,NIC,2018.0,6572233,2.3,,,34.4,,,,,
Nicaragua,NIC,2019.0,6663924,2.4,,,35.8,,,,,
Nicaragua,NIC,2020.0,6755895,2.5,,,37.1,,,,,
Nicaragua,NIC,2021.0,6850540,2.3,,,34,,,,,
Niger,NER,2017.0,21737922,20.2,16.8,2.9,92.9,77.1,13.5,0.867,2.364,4.064
Niger,NER,2018.0,22577058,20.6,,,91.4,,,,,
Niger,NER,2019.0,23443393,21.2,,,90.3,,,,,
Niger,NER,2020.0,24333639,22.1,,,91,,,,,
Niger,NER,2021.0,25252722,23.2,,,92,,,,,
Nigeria,NGA,2017.0,193495907,174.6,134.3,85.8,90.2,69.4,44.4,0.234,0.358,0.603
Nigeria,NGA,2018.0,198387623,180.6,,,91.1,,,,,
Nigeria,NGA,2019.0,203304492,186.7,,,91.8,,,,,
Nigeria,NGA,2020.0,208327405,194.2,,,93.2,,,,,
Nigeria,NGA,2021.0,213401323,199.7,,,93.6,,,,,
North America,NAC,2017.0,361731237,6.8,5.1,4.1,1.9,1.4,1.1,0.113,0.365,0.433
North America,NAC,2018.0,363967201,6,,,1.6,,,,,
North America,NAC,2019.0,365995094,5.2,,,1.4,,,,,
North America,NAC,2020.0,369582571,4.4,,,1.2,,,,,
North America,NAC,2021.0,370321816,3.6,,,1,,,,,
North Macedonia,MKD,2017.0,2074502,0.4,0.3,0.1,20.1,16.8,2.6,0.096,0.389,0.434
North Macedonia,MKD,2018.0,2076217,0.4,,,17.7,,,,,
North Macedonia,MKD,2019.0,2076694,0.3,,,16.6,,,,,
North Macedonia,MKD,2020.0,2072531,0.4,,,17.5,,,,,
North Macedonia,MKD,2021.0,2065092,0.3,,,15.9,,,,,
Norway,NOR,2017.0,5276968,0,0,0,0.6,0.5,0.3,0.15,0.382,0.446
Norway,NOR,2018.0,5311916,0,,,0.4,,,,,
Norway,NOR,2019.0,5347896,0,,,0.4,,,,,
Norway,NOR,2020.0,5379475,0,,,0.5,,,,,
Norway,NOR,2021.0,5408320,0,,,0.3,,,,,
Oman,OMN,2017.0,4541854,,,,,,,0.072,0.263,0.39
Oman,OMN,2018.0,4601157,,,,,,,,,
Oman,OMN,2019.0,4602768,,,,,,,,,
Oman,OMN,2020.0,4543399,,,,,,,,,
Oman,OMN,2021.0,4520471,,,,,,,,,
Pakistan,PAK,2017.0,216379655,175.3,88.5,0.6,81,40.9,0.3,0.209,0.53,0.928
Pakistan,PAK,2018.0,219731479,175.4,,,79.8,,,,,
Pakistan,PAK,2019.0,223293280,181.8,,,81.4,,,,,
Pakistan,PAK,2020.0,227196741,188.9,,,83.2,,,,,
Pakistan,PAK,2021.0,231402117,185.4,,,80.1,,,,,
Panama,PAN,2017.0,4096063,0.7,0.5,0.1,17.5,12.1,2.2,0.138,0.394,0.516
Panama,PAN,2018.0,4165255,0.6,,,15.5,,,,,
Panama,PAN,2019.0,4232532,0.6,,,15.2,,,,,
Panama,PAN,2020.0,4294396,0.9,,,20.5,,,,,
Panama,PAN,2021.0,4351267,0.7,,,17,,,,,
Paraguay,PRY,2017.0,6355404,1.3,1.6,0,19.9,24.4,0.5,0.162,0.662,0.585
Paraguay,PRY,2018.0,6443328,1.2,,,18.3,,,,,
Paraguay,PRY,2019.0,6530026,1.2,,,17.7,,,,,
Paraguay,PRY,2020.0,6618695,1.3,,,20.3,,,,,
Paraguay,PRY,2021.0,6703799,1.4,,,20.4,,,,,
Peru,PER,2017.0,31605486,8.4,5.2,0.9,26.6,16.5,2.7,0.207,0.505,0.696
Peru,PER,2018.0,32203944,7.6,,,23.5,,,,,
Peru,PER,2019.0,32824861,7,,,21.4,,,,,
Peru,PER,2020.0,33304756,11.4,,,34.2,,,,,
Peru,PER,2021.0,33715471,8.6,,,25.6,,,,,
Philippines,PHL,2017.0,106738501,74.8,56.7,7.4,70.1,53.1,6.9,0.176,0.43,0.586
Philippines,PHL,2018.0,108568836,76,,,70,,,,,
Philippines,PHL,2019.0,110380804,75.5,,,68.4,,,,,
Philippines,PHL,2020.0,112190977,83.1,,,74.1,,,,,
Philippines,PHL,2021.0,113880328,84.4,,,74.1,,,,,
Poland,POL,2017.0,37974826,0.4,0,0,1,0.1,0,0.051,0.252,0.381
Poland,POL,2018.0,37974750,0.6,,,1.5,,,,,
Poland,POL,2019.0,37965475,0.4,,,1.1,,,,,
Poland,POL,2020.0,37899070,0.5,,,1.3,,,,,
Poland,POL,2021.0,37747124,1.5,,,4,,,,,
Portugal,PRT,2017.0,10300300,0.1,0.1,0,1.1,0.7,0.1,0.046,0.203,0.278
Portugal,PRT,2018.0,10283822,0.1,,,1.1,,,,,
Portugal,PRT,2019.0,10286263,0.1,,,0.5,,,,,
Portugal,PRT,2020.0,10297081,0.1,,,1.4,,,,,
Portugal,PRT,2021.0,10325147,0.1,,,1.2,,,,,
Qatar,QAT,2017.0,2711755,,,,,,,0.118,0.23,0.466
Qatar,QAT,2018.0,2766732,,,,,,,,,
Qatar,QAT,2019.0,2807235,,,,,,,,,
Qatar,QAT,2020.0,2760385,,,,,,,,,
Qatar,QAT,2021.0,2688235,,,,,,,,,
Romania,ROU,2017.0,19588715,2.3,1.6,0.2,11.9,8,0.9,0.046,0.205,0.273
Romania,ROU,2018.0,19473970,1.4,,,7.2,,,,,
Romania,ROU,2019.0,19371648,1.7,,,8.8,,,,,
Romania,ROU,2020.0,19265250,1.6,,,8.4,,,,,
Romania,ROU,2021.0,19119880,1.3,,,7,,,,,
Russian Federation,RUS,2017.0,144496739,4.7,1.1,0,3.3,0.8,0,0.066,0.241,0.343
Russian Federation,RUS,2018.0,144477859,4.2,,,2.9,,,,,
Russian Federation,RUS,2019.0,144406261,3.6,,,2.5,,,,,
Russian Federation,RUS,2020.0,144073139,4,,,2.8,,,,,
Russian Federation,RUS,2021.0,143449286,3.7,,,2.6,,,,,
Rwanda,RWA,2017.0,12230339,10.6,7.5,3.4,87,61.3,28.1,0.529,0.908,1.808
Rwanda,RWA,2018.0,12531808,10.5,,,83.9,,,,,
Rwanda,RWA,2019.0,12835028,10.5,,,81.9,,,,,
Rwanda,RWA,2020.0,13146362,11.1,,,84.6,,,,,
Rwanda,RWA,2021.0,13461888,11,,,82,,,,,
Sao Tome and Principe,STP,2017.0,208036,0.2,0.1,0,76.6,63.4,8,0.191,0.548,0.702
Sao Tome and Principe,STP,2018.0,211344,0.2,,,76.3,,,,,
Sao Tome and Principe,STP,2019.0,214599,0.2,,,76.7,,,,,
Sao Tome and Principe,STP,2020.0,218641,0.2,,,77.3,,,,,
Sao Tome and Principe,STP,2021.0,223107,0.2,,,78.2,,,,,
Saudi Arabia,SAU,2017.0,34193122,,,,,,,0.084,0.167,0.329
Saudi Arabia,SAU,2018.0,35018133,,,,,,,,,
Saudi Arabia,SAU,2019.0,35827362,,,,,,,,,
Saudi Arabia,SAU,2020.0,35997107,,,,,,,,,
Saudi Arabia,SAU,2021.0,35950396,,,,,,,,,
Senegal,SEN,2017.0,15157793,8.1,6.5,0.5,53.6,43.2,3.3,0.23,0.574,0.677
Senegal,SEN,2018.0,15574909,7.5,,,48,,,,,
Senegal,SEN,2019.0,16000781,7.3,,,45.7,,,,,
Senegal,SEN,2020.0,16436120,7.6,,,46.4,,,,,
Senegal,SEN,2021.0,16876720,7.6,,,44.8,,,,,
Serbia,SRB,2017.0,7020858,1.9,1,0.2,27.2,14.3,3.2,0.09,0.398,0.608
Serbia,SRB,2018.0,6982604,0.9,,,13.1,,,,,
Serbia,SRB,2019.0,6945235,1.1,,,16.2,,,,,
Serbia,SRB,2020.0,6899126,0.9,,,13,,,,,
Serbia,SRB,2021.0,6834326,0.7,,,10.3,,,,,
Seychelles,SYC,2017.0,95843,0,0,0,9.3,2.5,0.1,0.128,0.437,0.807
Seychelles,SYC,2018.0,96762,0,,,7.8,,,,,
Seychelles,SYC,2019.0,97625,0,,,7.1,,,,,
Seychelles,SYC,2020.0,98462,0,,,7.5,,,,,
Seychelles,SYC,2021.0,99258,0,,,7.5,,,,,
Sierra Leone,SLE,2017.0,7677565,6.5,5.6,2.7,84.2,73.3,34.8,0.579,1.025,1.323
Sierra Leone,SLE,2018.0,7861281,6.6,,,84.2,,,,,
Sierra Leone,SLE,2019.0,8046828,6.5,,,81.3,,,,,
Sierra Leone,SLE,2020.0,8233970,6.8,,,82.5,,,,,
Sierra Leone,SLE,2021.0,8420641,7,,,83.5,,,,,
Singapore,SGP,2017.0,5612253,,,,,,,0.148,0.4,0.548
Singapore,SGP,2018.0,5638676,,,,,,,,,
Singapore,SGP,2019.0,5703569,,,,,,,,,
Singapore,SGP,2020.0,5685807,,,,,,,,,
Singapore,SGP,2021.0,5453566,,,,,,,,,
Sint Maarten (Dutch part),SXM,2017.0,40574,,,,,,,0.42,0.737,0.833
Sint Maarten (Dutch part),SXM,2018.0,40895,,,,,,,,,
Sint Maarten (Dutch part),SXM,2019.0,41608,,,,,,,,,
Sint Maarten (Dutch part),SXM,2020.0,42310,,,,,,,,,
Sint Maarten (Dutch part),SXM,2021.0,42846,,,,,,,,,
Slovak Republic,SVK,2017.0,5439232,0.1,0.1,0,2.1,1.4,0.1,0.052,0.285,0.434
Slovak Republic,SVK,2018.0,5446771,0.2,,,2.8,,,,,
Slovak Republic,SVK,2019.0,5454147,0.1,,,1.4,,,,,
Slovak Republic,SVK,2020.0,5458827,0.1,,,1.4,,,,,
Slovak Republic,SVK,2021.0,5447247,0.1,,,1.2,,,,,
Slovenia,SVN,2017.0,2066388,0,0,0,0.1,0,0,0.061,0.284,0.394
Slovenia,SVN,2018.0,2073894,0,,,0.1,,,,,
Slovenia,SVN,2019.0,2088385,0,,,0.1,,,,,
Slovenia,SVN,2020.0,2102419,0,,,0,,,,,
Slovenia,SVN,2021.0,2108079,0,,,0,,,,,
South Africa,ZAF,2017.0,56641209,37,34.1,13.7,65.3,60.3,24.2,0.293,0.789,0.95
South Africa,ZAF,2018.0,57339635,37.2,,,64.9,,,,,
South Africa,ZAF,2019.0,58087055,37.8,,,65.1,,,,,
South Africa,ZAF,2020.0,58801927,39.4,,,67,,,,,
South Africa,ZAF,2021.0,59392255,39.6,,,66.7,,,,,
South Asia,SAS,2017.0,1783288101,1402.9,1058.3,46.1,78.7,59.3,2.6,0.197,0.595,0.894
South Asia,SAS,2018.0,1803847309,1336.7,,,74.1,,,,,
South Asia,SAS,2019.0,1823829015,1309.8,,,71.8,,,,,
South Asia,SAS,2020.0,1843559390,1387.3,,,75.3,,,,,
South Asia,SAS,2021.0,1861812142,1358.3,,,73,,,,,
Spain,ESP,2017.0,46593236,0.8,0.5,0.2,1.7,1,0.5,0.06,0.241,0.371
Spain,ESP,2018.0,46797754,0.9,,,1.9,,,,,
Spain,ESP,2019.0,47134837,0.8,,,1.8,,,,,
Spain,ESP,2020.0,47365655,1,,,2,,,,,
Spain,ESP,2021.0,47415750,0.9,,,1.8,,,,,
Sri Lanka,LKA,2017.0,21506813,12.1,4.9,0.1,56.3,22.6,0.6,0.176,0.404,0.671
Sri Lanka,LKA,2018.0,21670000,11.2,,,51.8,,,,,
Sri Lanka,LKA,2019.0,21803000,10.6,,,48.5,,,,,
Sri Lanka,LKA,2020.0,21919000,12.5,,,56.8,,,,,
Sri Lanka,LKA,2021.0,22156000,12.9,,,58.2,,,,,
St. Kitts and Nevis,KNA,2017.0,47785,,,,,,,0.082,0.461,0.462
St. Kitts and Nevis,KNA,2018.0,47761,,,,,,,,,
St. Kitts and Nevis,KNA,2019.0,47712,,,,,,,,,
St. Kitts and Nevis,KNA,2020.0,47642,,,,,,,,,
St. Kitts and Nevis,KNA,2021.0,47606,,,,,,,,,
St. Lucia,LCA,2017.0,177163,0,0,0,20.9,16.7,4.6,0.591,1.492,1.836
St. Lucia,LCA,2018.0,177888,0,,,20.6,,,,,
St. Lucia,LCA,2019.0,178583,0,,,21.2,,,,,
St. Lucia,LCA,2020.0,179237,0.1,,,31.6,,,,,
St. Lucia,LCA,2021.0,179651,0,,,27.2,,,,,
St. Vincent and the Grenadines,VCT,2017.0,105549,,,,,,,0.251,0.581,0.785
St. Vincent and the Grenadines,VCT,2018.0,105281,,,,,,,,,
St. Vincent and the Grenadines,VCT,2019.0,104924,,,,,,,,,
St. Vincent and the Grenadines,VCT,2020.0,104632,,,,,,,,,
St. Vincent and the Grenadines,VCT,2021.0,104332,,,,,,,,,
Sub-Saharan Africa,SSF,2017.0,1034965894,866.2,696.4,255.9,84.5,67.9,25,0.385,0.975,1.445
Sub-Saharan Africa,SSF,2018.0,1054329184,884,,,84,,,,,
Sub-Saharan Africa,SSF,2019.0,1082587185,904.1,,,83.6,,,,,
Sub-Saharan Africa,SSF,2020.0,1111354224,937.7,,,84.5,,,,,
Sub-Saharan Africa,SSF,2021.0,1140262394,959.4,,,84.3,,,,,
Sudan,SDN,2017.0,40679828,35.9,23.9,6.2,88.4,58.7,15.3,0.242,0.468,0.824
Sudan,SDN,2018.0,41999059,38.2,,,90.9,,,,,
Sudan,SDN,2019.0,43232093,40.5,,,93.6,,,,,
Sudan,SDN,2020.0,44440486,41.8,,,94.1,,,,,
Sudan,SDN,2021.0,45657202,39.1,,,85.6,,,,,
Suriname,SUR,2017.0,587559,0.3,0.2,0.1,44.5,34.2,15.8,0.139,0.412,0.604
Suriname,SUR,2018.0,593715,0.3,,,45,,,,,
Suriname,SUR,2019.0,600301,0.3,,,43.9,,,,,
Suriname,SUR,2020.0,607065,0.3,,,54.3,,,,,
Suriname,SUR,2021.0,612985,0.4,,,58.6,,,,,
Sweden,SWE,2017.0,10057698,0.1,0,0,0.6,0.4,0.2,0.108,0.329,0.417
Sweden,SWE,2018.0,10175214,0.1,,,1.2,,,,,
Sweden,SWE,2019.0,10278887,0.1,,,0.6,,,,,
Sweden,SWE,2020.0,10353442,0.1,,,0.8,,,,,
Sweden,SWE,2021.0,10415811,0.1,,,0.6,,,,,
Switzerland,CHE,2017.0,8451840,0,0,0,0,0,0,0.055,0.278,0.333
Switzerland,CHE,2018.0,8514329,0,,,0,,,,,
Switzerland,CHE,2019.0,8575280,0,,,0,,,,,
Switzerland,CHE,2020.0,8638167,0,,,0,,,,,
Switzerland,CHE,2021.0,8703405,0,,,0,,,,,
"Taiwan, China",TWN,2017.0,23552470,0.1,0.1,0,0.2,0.2,0,0.156,0.32,0.427
"Taiwan, China",TWN,2018.0,,,,,,,,,,
"Taiwan, China",TWN,2019.0,,,,,,,,,,
"Taiwan, China",TWN,2020.0,,,,,,,,,,
"Taiwan, China",TWN,2021.0,,,,,,,,,,
Tajikistan,TJK,2017.0,8925525,4.2,2.7,0.2,47.2,30.8,2.2,0.362,0.932,1.203
Tajikistan,TJK,2018.0,9128132,4.1,,,44.6,,,,,
Tajikistan,TJK,2019.0,9337003,4.2,,,45.2,,,,,
Tajikistan,TJK,2020.0,9543207,4.7,,,49.4,,,,,
Tajikistan,TJK,2021.0,9750064,4.5,,,45.8,,,,,
Tanzania,TZA,2017.0,56267032,48.3,42.5,20.7,85.9,75.6,36.8,0.374,0.731,0.976
Tanzania,TZA,2018.0,58090443,49.7,,,85.5,,,,,
Tanzania,TZA,2019.0,59872579,50.8,,,84.8,,,,,
Tanzania,TZA,2020.0,61704518,52.5,,,85.1,,,,,
Tanzania,TZA,2021.0,63588334,54.1,,,85,,,,,
Thailand,THA,2017.0,70898202,14.5,5,0,20.5,7,0,0.173,0.476,0.656
Thailand,THA,2018.0,71127802,15,,,21,,,,,
Thailand,THA,2019.0,71307763,13.6,,,19.1,,,,,
Thailand,THA,2020.0,71475664,14.1,,,19.8,,,,,
Thailand,THA,2021.0,71601103,12.9,,,18,,,,,
Togo,TGO,2017.0,7852795,,,,,,,1.44,1.716,
Togo,TGO,2018.0,,,,,,,,,,
Togo,TGO,2019.0,,,,,,,,,,
Togo,TGO,2020.0,,,,,,,,,,
Togo,TGO,2021.0,,,,,,,,,,
Trinidad and Tobago,TTO,2017.0,1478607,0.1,0.1,0,6.5,3.4,0.2,0.129,0.4,0.501
Trinidad and Tobago,TTO,2018.0,1504709,0.1,,,7,,,,,
Trinidad and Tobago,TTO,2019.0,1519955,0.1,,,7.1,,,,,
Trinidad and Tobago,TTO,2020.0,1518147,0.1,,,9.1,,,,,
Trinidad and Tobago,TTO,2021.0,1525663,0.2,,,9.9,,,,,
Tunisia,TUN,2017.0,11811443,1.8,0.2,0,15.5,1.9,0,0.111,0.346,0.64
Tunisia,TUN,2018.0,11933041,1.8,,,14.9,,,,,
Tunisia,TUN,2019.0,12049314,1.7,,,14.3,,,,,
Tunisia,TUN,2020.0,12161723,2.2,,,18.1,,,,,
Tunisia,TUN,2021.0,12262946,2.1,,,17.2,,,,,
Türkiye,TUR,2017.0,82089826,5,2.6,0,6.1,3.1,0,0.096,0.311,0.391
Türkiye,TUR,2018.0,82809304,5.1,,,6.2,,,,,
Türkiye,TUR,2019.0,83481684,7.5,,,8.9,,,,,
Türkiye,TUR,2020.0,84135428,5.8,,,6.9,,,,,
Türkiye,TUR,2021.0,84775404,4.9,,,5.8,,,,,
Turks and Caicos Islands,TCA,2017.0,39844,,,,,,,0.317,0.69,0.79
Turks and Caicos Islands,TCA,2018.0,41487,,,,,,,,,
Turks and Caicos Islands,TCA,2019.0,43080,,,,,,,,,
Turks and Caicos Islands,TCA,2020.0,44276,,,,,,,,,
Turks and Caicos Islands,TCA,2021.0,45114,,,,,,,,,
Uganda,UGA,2017.0,40127085,33.9,27.7,5.6,84.5,68.9,13.9,0.426,1.183,1.807
Uganda,UGA,2018.0,41515395,34.6,,,83.4,,,,,
Uganda,UGA,2019.0,42949080,35.6,,,82.9,,,,,
Uganda,UGA,2020.0,44404611,36.7,,,82.6,,,,,
Uganda,UGA,2021.0,45853778,37.7,,,82.2,,,,,
United Arab Emirates,ARE,2017.0,9068296,0,0,0,0.1,0,0,0.101,0.245,0.374
United Arab Emirates,ARE,2018.0,9140169,0,,,0.1,,,,,
United Arab Emirates,ARE,2019.0,9211657,0,,,0,,,,,
United Arab Emirates,ARE,2020.0,9287289,0,,,0.2,,,,,
United Arab Emirates,ARE,2021.0,9365145,0,,,0.1,,,,,
United Kingdom,GBR,2017.0,66058859,0.3,0.3,0.2,0.5,0.5,0.2,0.049,0.285,0.341
United Kingdom,GBR,2018.0,66460344,0.3,,,0.5,,,,,
United Kingdom,GBR,2019.0,66836327,0.3,,,0.5,,,,,
United Kingdom,GBR,2020.0,67081234,0.3,,,0.5,,,,,
United Kingdom,GBR,2021.0,67026300,0.3,,,0.4,,,,,
United States,USA,2017.0,325122128,6.5,4.9,4.1,2,1.5,1.2,0.129,0.316,0.46
United States,USA,2018.0,326838199,5.7,,,1.7,,,,,
United States,USA,2019.0,328329953,4.9,,,1.5,,,,,
United States,USA,2020.0,331511512,4.1,,,1.2,,,,,
United States,USA,2021.0,332031554,3.3,,,1,,,,,
Upper middle income,UMC,2017.0,2408279566,417.3,269.8,29.1,17.3,11.2,1.2,0.166,0.481,0.625
Upper middle income,UMC,2018.0,2423831402,369,,,15.2,,,,,
Upper middle income,UMC,2019.0,2437541195,351,,,14.4,,,,,
Upper middle income,UMC,2020.0,2448485560,372.3,,,15.2,,,,,
Upper middle income,UMC,2021.0,2455938679,321,,,13.1,,,,,
Uruguay,URY,2017.0,3422200,0.1,0,0,2.8,0.8,0,0.094,0.288,0.416
Uruguay,URY,2018.0,3427042,0.1,,,3,,,,,
Uruguay,URY,2019.0,3428409,0.1,,,3.3,,,,,
Uruguay,URY,2020.0,3429086,0.2,,,5.3,,,,,
Uruguay,URY,2021.0,3426260,0.2,,,5.2,,,,,
Vietnam,VNM,2017.0,94033048,23.4,11,0.7,24.9,11.7,0.7,0.286,0.737,1.052
Vietnam,VNM,2018.0,94914330,21.3,,,22.4,,,,,
Vietnam,VNM,2019.0,95776716,19,,,19.8,,,,,
Vietnam,VNM,2020.0,96648685,21.1,,,21.9,,,,,
Vietnam,VNM,2021.0,97468029,20.5,,,21,,,,,
West Bank and Gaza,PSE,2017.0,4454805,0.8,0.1,0,18,2.4,0.6,0.284,0.445,0.845
West Bank and Gaza,PSE,2018.0,4569087,0.8,,,18.4,,,,,
West Bank and Gaza,PSE,2019.0,4685306,0.8,,,18,,,,,
West Bank and Gaza,PSE,2020.0,4803269,1,,,20.1,,,,,
West Bank and Gaza,PSE,2021.0,4922749,0.8,,,15.3,,,,,
WORLD,WLD,2017.0,7262507298,3133.4,2293.8,351.1,43.7,32,4.9,0.212,0.591,0.808
WORLD,WLD,2018.0,7304447092,3032.7,,,42,,,,,
WORLD,WLD,2019.0,7381667234,3003.6,,,41.2,,,,,
WORLD,WLD,2020.0,7455652461,3151.7,,,42.8,,,,,
WORLD,WLD,2021.0,7518895609,3100.5,,,41.7,,,,,
Zambia,ZMB,2017.0,17298054,15.3,14.3,11.2,88.7,83,64.9,0.755,1.405,1.821
Zambia,ZMB,2018.0,17835893,15.8,,,88.5,,,,,
Zambia,ZMB,2019.0,18380477,16.3,,,89,,,,,
Zambia,ZMB,2020.0,18927715,17,,,89.7,,,,,
Zambia,ZMB,2021.0,19473125,17.5,,,90.1,,,,,
Zimbabwe,ZWE,2017.0,14751101,10,1.6,0,67.8,10.6,0,0.106,0.314,0.973
Zimbabwe,ZWE,2018.0,,,,,,,,,,
Zimbabwe,ZWE,2019.0,,,,,,,,,,
Zimbabwe,ZWE,2020.0,,,,,,,,,,
Zimbabwe,ZWE,2021.0,,,,,,,,,,
